video_id,location_id,set_id,screenshots,timestamp,confidence,notes,source_rows
C3HDIYnQnkw,아메티지-스튜디오,아메티지-스튜디오--diner,7801c02f4879,,,,Ametage!3
C3HDIYnQnkw,아메티지-스튜디오,아메티지-스튜디오--hospital,0e686c43074c,,,,Ametage!3
C3HDIYnQnkw,아메티지-스튜디오,아메티지-스튜디오--gas-station,400af340bc7e,,,,Ametage!3
C3HDIYnQnkw,아메티지-스튜디오,아메티지-스튜디오--motel,9bbed5d0353e,,,,Ametage!3
8Z_aqJkIlQw,아메티지-스튜디오,아메티지-스튜디오--gas-station,bf12e3c567fd,,,,Ametage!4
8Z_aqJkIlQw,아메티지-스튜디오,아메티지-스튜디오--motel,0574b01e337c,,,,Ametage!4
_jONRhd7kO4,아메티지-스튜디오,아메티지-스튜디오--diner,bc3dbe27c7cc,,,,Ametage!5
_jONRhd7kO4,아메티지-스튜디오,아메티지-스튜디오--lobby,1867a62ac405,,,,Ametage!5
u4Ng8LI2ARI,아메티지-스튜디오,아메티지-스튜디오--gas-station,f4d0853762e3,,,,Ametage!6
u4Ng8LI2ARI,아메티지-스튜디오,아메티지-스튜디오--motel,3d42fdb135e6,,,,Ametage!6
pU8Gu5aOWZ0,아메티지-스튜디오,아메티지-스튜디오--diner,61e21f0c3ced,,,,Ametage!7
MFTWTOAK-ho,아메티지-스튜디오,아메티지-스튜디오--diner,e44c3bbaf3a7,,,,Ametage!8
OOBpREhRE8U,아메티지-스튜디오,아메티지-스튜디오--diner,40673c677491,,,,Ametage!9
OOBpREhRE8U,아메티지-스튜디오,아메티지-스튜디오--hospital,e5a2d39c63f3,,,,Ametage!9
OOBpREhRE8U,아메티지-스튜디오,아메티지-스튜디오--lobby,36972e9c2e91,,,,Ametage!9
OOBpREhRE8U,아메티지-스튜디오,아메티지-스튜디오--house,e190082319fd,,,,Ametage!9
i079STRbUBU,아메티지-스튜디오,아메티지-스튜디오--diner,3ed0034b7aa0,,,,Ametage!10
pes_X2XNokk,아메티지-스튜디오,아메티지-스튜디오--diner,75c239c0a38d,,,,Ametage!11
pes_X2XNokk,아메티지-스튜디오,아메티지-스튜디오--hospital,405f7ed58ff3,,,,Ametage!11
pes_X2XNokk,아메티지-스튜디오,아메티지-스튜디오--lobby,9a8dac4e4838,,,,Ametage!11
tEjf_oy30yM,아메티지-스튜디오,아메티지-스튜디오--diner,85dd41131a9f,,,,Ametage!12
tEjf_oy30yM,아메티지-스튜디오,아메티지-스튜디오--lobby,e6089d9ffb95,,,,Ametage!12
EErqrVZwAfk,아메티지-스튜디오,아메티지-스튜디오--diner,1c19c7408366,,,,Ametage!13
A9jy1Nr0AIE,아메티지-스튜디오,아메티지-스튜디오--diner,24ba3d79f160,,,,Ametage!14
FtU_D67tl64,아메티지-스튜디오,아메티지-스튜디오--diner,660e9354799e,,,,Ametage!15
FtU_D67tl64,아메티지-스튜디오,아메티지-스튜디오--lobby,84f07df764d6,,,,Ametage!15
dC985ExevHM,아메티지-스튜디오,아메티지-스튜디오--diner,c50d9baadfb4,,,,Ametage!16
PKo_Gmft7dU,아메티지-스튜디오,아메티지-스튜디오--diner,2bd9db35ef97,,,,Ametage!17
wvCb4HtUCZQ,아메티지-스튜디오,아메티지-스튜디오--diner,7720846ad1f2,,,,Ametage!18
wvCb4HtUCZQ,아메티지-스튜디오,아메티지-스튜디오--hospital,903802fbd0e7,,,,Ametage!18
wvCb4HtUCZQ,아메티지-스튜디오,아메티지-스튜디오--lobby,1d161a66f3a8,,,,Ametage!18
Np7PQvOo4Ks,아메티지-스튜디오,아메티지-스튜디오--diner,8c9a4d1808c8,,,,Ametage!19
Np7PQvOo4Ks,아메티지-스튜디오,아메티지-스튜디오--lobby,53dfd3dcdf7a,,,,Ametage!19
ISuVx0qPfGA,아메티지-스튜디오,아메티지-스튜디오--diner,870c6319583f,,,,Ametage!20
ISuVx0qPfGA,아메티지-스튜디오,아메티지-스튜디오--hospital,2e172c768306,,,,Ametage!20
ISuVx0qPfGA,아메티지-스튜디오,아메티지-스튜디오--lobby,dcb3be33652e,,,,Ametage!20
m6CIlftA5lo,아메티지-스튜디오,아메티지-스튜디오--diner,5825dae7aafb,,,,Ametage!21
m6CIlftA5lo,아메티지-스튜디오,아메티지-스튜디오--lobby,5922ccc653fe,,,,Ametage!21
yRSdPSQiAME,아메티지-스튜디오,아메티지-스튜디오--diner,43b9e7b34517,,,,Ametage!22
yRSdPSQiAME,아메티지-스튜디오,아메티지-스튜디오--lobby,c64b038b562d,,,,Ametage!22
HM2MJvqnOlE,아메티지-스튜디오,아메티지-스튜디오--diner,aec3c5e424d5,,,,Ametage!23
ieAyyfD6l7w,아메티지-스튜디오,아메티지-스튜디오--diner,4770047d9a45,,,,Ametage!24
ieAyyfD6l7w,아메티지-스튜디오,아메티지-스튜디오--hospital,8d29ff4ab5ba,,,,Ametage!24
ieAyyfD6l7w,아메티지-스튜디오,아메티지-스튜디오--lobby,d2e8d242eb33,,,,Ametage!24
t20LtL4dJQs,아메티지-스튜디오,아메티지-스튜디오--diner,bfd0b5805604,,,,Ametage!25
t20LtL4dJQs,아메티지-스튜디오,아메티지-스튜디오--hospital,a2e6db0d928c,,,,Ametage!25
t20LtL4dJQs,아메티지-스튜디오,아메티지-스튜디오--lobby,4af5178b76e2,,,,Ametage!25
vvJqDdGnMqI,아메티지-스튜디오,아메티지-스튜디오--diner,dd225c0cc833,,,,Ametage!26
vvJqDdGnMqI,아메티지-스튜디오,아메티지-스튜디오--lobby,2d598ae2b34c,,,,Ametage!26
OAyjtEw2o_s,아메티지-스튜디오,아메티지-스튜디오--diner,af2df98e0458,,,,Ametage!27
OAyjtEw2o_s,아메티지-스튜디오,아메티지-스튜디오--lobby,0b2be10958cf,,,,Ametage!27
OAyjtEw2o_s,아메티지-스튜디오,아메티지-스튜디오--house,896ec82f3770,,,,Ametage!27
daK35_cV180,아메티지-스튜디오,아메티지-스튜디오--diner,cb6c397a0f1d,,,,Ametage!28
daK35_cV180,아메티지-스튜디오,아메티지-스튜디오--lobby,6ce5126bc17b,,,,Ametage!28
mrgNlZn0s94,아메티지-스튜디오,아메티지-스튜디오--diner,efbfedc0805c,,,,Ametage!29
mrgNlZn0s94,아메티지-스튜디오,아메티지-스튜디오--lobby,35221df65613,,,,Ametage!29
1MVNudoY5D0,아메티지-스튜디오,아메티지-스튜디오--diner,f581adb64530,,,,Ametage!30
1MVNudoY5D0,아메티지-스튜디오,아메티지-스튜디오--house,b5665e0166dc,,,,Ametage!30
tEDUHaBLpZg,아메티지-스튜디오,아메티지-스튜디오--diner,b5622d60cf12,,,,Ametage!31
I6qb3zTlyJA,아메티지-스튜디오,아메티지-스튜디오--diner,eb6122361e4e,,,,Ametage!32
cjW_9JrvDD4,아메티지-스튜디오,아메티지-스튜디오--diner,a74a06febc1b,,,,Ametage!33
sp1_PCipaqY,아메티지-스튜디오,아메티지-스튜디오--gas-station,f2438deebc6c,,,,Ametage!34
XL66RRz0PKk,아메티지-스튜디오,아메티지-스튜디오--diner,aac64f512fe3,,,,Ametage!35
qCGHDCrMDmk,아메티지-스튜디오,아메티지-스튜디오--hospital,c413b1b82e23,,,,Ametage!36
4xij_3JKs_c,아메티지-스튜디오,아메티지-스튜디오--diner,60e53db71315,,,,Ametage!37
4xij_3JKs_c,아메티지-스튜디오,아메티지-스튜디오--lobby,a9fb29c6e6a7,,,,Ametage!37
8UmVSQ6ImfM,아메티지-스튜디오,아메티지-스튜디오--lobby,35049df64eea,,,,Ametage!38
lfTaY8qBHOg,아메티지-스튜디오,아메티지-스튜디오--gas-station,a05037beddaf,,,,Ametage!39
lfTaY8qBHOg,아메티지-스튜디오,아메티지-스튜디오--motel,4c60de164f18,,,,Ametage!39
HHKTh61kYwI,아메티지-스튜디오,아메티지-스튜디오--diner,74afa2356b37,,,,Ametage!40
HHKTh61kYwI,아메티지-스튜디오,아메티지-스튜디오--hospital,559b0f7007df,,,,Ametage!40
ueaMRwH0o_0,아메티지-스튜디오,아메티지-스튜디오--gas-station,d8308753cf7a,,,,Ametage!41
ueaMRwH0o_0,아메티지-스튜디오,아메티지-스튜디오--motel,8fac5ccfb6c4,,,,Ametage!41
bAdCrrarKhE,아메티지-스튜디오,아메티지-스튜디오--diner,dc76594f0c14,,,,Ametage!42
bAdCrrarKhE,아메티지-스튜디오,아메티지-스튜디오--gas-station,ff9d1800d09f,,,,Ametage!42
bAdCrrarKhE,아메티지-스튜디오,아메티지-스튜디오--lobby,b580213dcc0b,,,,Ametage!42
bAdCrrarKhE,아메티지-스튜디오,아메티지-스튜디오--motel,95736ee4e4ab,,,,Ametage!42
itrgwHxhtY4,아메티지-스튜디오,아메티지-스튜디오--gas-station,368ff797fc65,,,,Ametage!43
itrgwHxhtY4,아메티지-스튜디오,아메티지-스튜디오--motel,17d9d9001097,,,,Ametage!43
itrgwHxhtY4,아메티지-스튜디오,아메티지-스튜디오--house,5efb433eab5c,,,,Ametage!43
maY8n18akp4,아메티지-스튜디오,아메티지-스튜디오--gas-station,977adfb71427,,,,Ametage!44
maY8n18akp4,아메티지-스튜디오,아메티지-스튜디오--motel,2a7da10bae68,,,,Ametage!44
XDnGdcgd3Pc,아메티지-스튜디오,아메티지-스튜디오--gas-station,8a8c67a8269c,,,,Ametage!45
XDnGdcgd3Pc,아메티지-스튜디오,아메티지-스튜디오--motel,00899ffb24a3,,,,Ametage!45
ApZbDJrIJe4,아메티지-스튜디오,아메티지-스튜디오--gas-station,dc249478aef3,,,,Ametage!46
ApZbDJrIJe4,아메티지-스튜디오,아메티지-스튜디오--motel,cf04701d52f0,,,,Ametage!46
ydkpS5c6eAY,아메티지-스튜디오,아메티지-스튜디오--lobby,ef9b731a6fc0,,,,Ametage!47
YMedQQEHpXk,아메티지-스튜디오,아메티지-스튜디오--motel,125ea71ea8f5,,,,Ametage!48
lJNySp1QUwc,아메티지-스튜디오,아메티지-스튜디오--gas-station,b33b17ab0f41,,,,Ametage!49
lJNySp1QUwc,아메티지-스튜디오,아메티지-스튜디오--motel,54dbfd8b1ca7,,,,Ametage!49
b22rHAMaVm0,아메티지-스튜디오,아메티지-스튜디오--diner,e8e728922455,,,,Ametage!50
b22rHAMaVm0,아메티지-스튜디오,아메티지-스튜디오--lobby,91ecb8ce6081,,,,Ametage!50
8RcM4Kyj29M,아메티지-스튜디오,아메티지-스튜디오--diner,b69cfb890aa2,,,,Ametage!51
8RcM4Kyj29M,아메티지-스튜디오,아메티지-스튜디오--lobby,ea1d7f282144,,,,Ametage!51
7123DLSc9FA,아메티지-스튜디오,아메티지-스튜디오--lobby,ee152869285c,,,,Ametage!52
7123DLSc9FA,아메티지-스튜디오,아메티지-스튜디오--house,45ed5eaa16d4,,,,Ametage!52
c-q2bseZq3k,아메티지-스튜디오,아메티지-스튜디오--gas-station,7960d1ba0a15,,,,Ametage!53
c-q2bseZq3k,아메티지-스튜디오,아메티지-스튜디오--motel,5eecd8028226,,,,Ametage!53
c-q2bseZq3k,아메티지-스튜디오,아메티지-스튜디오--house,c112d8efbaef,,,,Ametage!53
BtXGQGNCtyo,아메티지-스튜디오,아메티지-스튜디오--gas-station,2a18791129bd,,,,Ametage!54
iVy45APARiY,아메티지-스튜디오,아메티지-스튜디오--gas-station,cfb1e5bf9196,,,,Ametage!55
iVy45APARiY,아메티지-스튜디오,아메티지-스튜디오--motel,62fb51e7eea1,,,,Ametage!55
Sa_NeCgekzs,아메티지-스튜디오,아메티지-스튜디오--hospital,aa64b8d9a3d0,,,,Ametage!56
Sa_NeCgekzs,아메티지-스튜디오,아메티지-스튜디오--lobby,07fbbdd68af9,,,,Ametage!56
pOXtkjFcMjY,아메티지-스튜디오,아메티지-스튜디오--hospital,3efab87a9d02,,,,Ametage!57
A_RIS7jBXTs,아메티지-스튜디오,아메티지-스튜디오--gas-station,0a3eff73b035,,,,Ametage!58
A_RIS7jBXTs,아메티지-스튜디오,아메티지-스튜디오--motel,2eed5350676f,,,,Ametage!58
aXP2GOrVE7s,아메티지-스튜디오,아메티지-스튜디오--gas-station,e309af308809,,,,Ametage!59
aXP2GOrVE7s,아메티지-스튜디오,아메티지-스튜디오--motel,73533216974c,,,,Ametage!59
R_Ng4PiVDE8,아메티지-스튜디오,아메티지-스튜디오--gas-station,a2dd55ba0d83,,,,Ametage!60
R_Ng4PiVDE8,아메티지-스튜디오,아메티지-스튜디오--motel,c24c9154177f,,,,Ametage!60
teb_bmNN1xQ,아메티지-스튜디오,아메티지-스튜디오--diner,6ded0712c9ec,,,,Ametage!61
teb_bmNN1xQ,아메티지-스튜디오,아메티지-스튜디오--lobby,76358b1e9637,,,,Ametage!61
v-XYH0tk8D8,아메티지-스튜디오,아메티지-스튜디오--diner,bdeb42934129,,,,Ametage!62
v-XYH0tk8D8,아메티지-스튜디오,아메티지-스튜디오--gas-station,ec4f4830c621,,,,Ametage!62
v-XYH0tk8D8,아메티지-스튜디오,아메티지-스튜디오--carpe-diem,2d971a2d00b7,,,,Ametage!62
v-XYH0tk8D8,아메티지-스튜디오,아메티지-스튜디오--space-station,28124466abc2,,,,Ametage!62
H2HfWJKUnWQ,아메티지-스튜디오,아메티지-스튜디오--motel,e9e0e53b0039,,,,Ametage!63
lCfNaN1uXCE,아메티지-스튜디오,아메티지-스튜디오--diner,0cab4046efca,,,,Ametage!64
lCfNaN1uXCE,아메티지-스튜디오,아메티지-스튜디오--gas-station,09867948af1f,,,,Ametage!64
lCfNaN1uXCE,아메티지-스튜디오,아메티지-스튜디오--lobby,480503406ebc,,,,Ametage!64
lCfNaN1uXCE,아메티지-스튜디오,아메티지-스튜디오--motel,a21a6f0dbb32,,,,Ametage!64
jtw9oIP_vjQ,아메티지-스튜디오,아메티지-스튜디오--diner,9ce49cb0c1cc,,,,Ametage!65
jtw9oIP_vjQ,아메티지-스튜디오,아메티지-스튜디오--lobby,d636f4ba6ce6,,,,Ametage!65
jtw9oIP_vjQ,아메티지-스튜디오,아메티지-스튜디오--motel,ca9f5018a71f,,,,Ametage!65
jtw9oIP_vjQ,아메티지-스튜디오,아메티지-스튜디오--house,134a74335384,,,,Ametage!65
jtw9oIP_vjQ,아메티지-스튜디오,아메티지-스튜디오--subway-station,2dfa63bee07d,,,,Ametage!65
oS056kLdx6Q,아메티지-스튜디오,아메티지-스튜디오--gas-station,d42c0100eedc,,,,Ametage!66
fc5DoHjIXu4,아메티지-스튜디오,아메티지-스튜디오--diner,5573f7776a3b,,,,Ametage!67
fc5DoHjIXu4,아메티지-스튜디오,아메티지-스튜디오--gas-station,c95c295cbbb2,,,,Ametage!67
fc5DoHjIXu4,아메티지-스튜디오,아메티지-스튜디오--motel,878df82e18f8,,,,Ametage!67
fc5DoHjIXu4,아메티지-스튜디오,아메티지-스튜디오--carpe-diem,4b0ed373677b,,,,Ametage!67
fc5DoHjIXu4,아메티지-스튜디오,아메티지-스튜디오--subway-station,64ae3bd9ed0b,,,,Ametage!67
fc5DoHjIXu4,아메티지-스튜디오,아메티지-스튜디오--train-station,e87e9a2366c0,,,,Ametage!67
PUYqO3c6xps,아메티지-스튜디오,아메티지-스튜디오--carpe-diem,b92ac690b9a4,,,,Ametage!68
PUYqO3c6xps,아메티지-스튜디오,아메티지-스튜디오--space-station,537ab1233832,,,,Ametage!68
PUYqO3c6xps,아메티지-스튜디오,아메티지-스튜디오--prison,252ae69b87ed,,,,Ametage!68
55V03ckELBA,아메티지-스튜디오,아메티지-스튜디오--movie-box,efde7b7c607e,,,,Ametage!69
Ke5jk7Ngpqs,아메티지-스튜디오,아메티지-스튜디오--diner,ada821b79de0,,,,Ametage!70
Ke5jk7Ngpqs,아메티지-스튜디오,아메티지-스튜디오--carpe-diem,dbc0e438ca62,,,,Ametage!70
Ke5jk7Ngpqs,아메티지-스튜디오,아메티지-스튜디오--subway-station,937d778ca422,,,,Ametage!70
Ke5jk7Ngpqs,아메티지-스튜디오,아메티지-스튜디오--street,84f2b230dc64,,,,Ametage!70
vFlISMSFPkk,아메티지-스튜디오,아메티지-스튜디오--subway-station,9d8abb91397d,,,,Ametage!71
vFlISMSFPkk,아메티지-스튜디오,아메티지-스튜디오--train-station,8a93e22a587d,,,,Ametage!71
JCSuy4rDDK0,아메티지-스튜디오,아메티지-스튜디오--subway-station,a8becd40c1fc,,,,Ametage!72
vi048osrhgw,아메티지-스튜디오,아메티지-스튜디오--lobby,b44c0d9ff423,,,,Ametage!73
msDAoECVMUM,아메티지-스튜디오,아메티지-스튜디오--lobby,b44c0d9ff423,,,,Ametage!73
JaFp_-pozfc,아메티지-스튜디오,아메티지-스튜디오--gas-station,4c981d9017c8,,,,Ametage!74
JaFp_-pozfc,아메티지-스튜디오,아메티지-스튜디오--motel,19544100c9c9,,,,Ametage!74
3mEovBrdzSk,아메티지-스튜디오,아메티지-스튜디오--space-station,01b333aa737f,,,,Ametage!75
LVi-wK28xWw,아메티지-스튜디오,아메티지-스튜디오--gas-station,a795b2767f4b,,,,Ametage!76
LVi-wK28xWw,아메티지-스튜디오,아메티지-스튜디오--house,2a56d22d40eb,,,,Ametage!76
LVi-wK28xWw,아메티지-스튜디오,아메티지-스튜디오--carpe-diem,5a48b213b56e,,,,Ametage!76
oHyzyV1qOVY,아메티지-스튜디오,아메티지-스튜디오--diner,214b49baec8a,,,,Ametage!77
oHyzyV1qOVY,아메티지-스튜디오,아메티지-스튜디오--gas-station,003f2b2d28ff,,,,Ametage!77
oHyzyV1qOVY,아메티지-스튜디오,아메티지-스튜디오--motel,e3e9b5d758d3,,,,Ametage!77
EFBBDwPNpWk,아메티지-스튜디오,아메티지-스튜디오--diner,8e51fcb71db6,,,,Ametage!78
EFBBDwPNpWk,아메티지-스튜디오,아메티지-스튜디오--hospital,439b110a6db0,,,,Ametage!78
EFBBDwPNpWk,아메티지-스튜디오,아메티지-스튜디오--gas-station,7de1f0a15f15,,,,Ametage!78
EFBBDwPNpWk,아메티지-스튜디오,아메티지-스튜디오--lobby,ef7de52b49f2,,,,Ametage!78
EFBBDwPNpWk,아메티지-스튜디오,아메티지-스튜디오--motel,9c3cbb8b3369,,,,Ametage!78
EFBBDwPNpWk,아메티지-스튜디오,아메티지-스튜디오--house,3dc01bebb54d,,,,Ametage!78
QS3wqBNQ-pw,아메티지-스튜디오,아메티지-스튜디오--diner,e6b27a64a1ef,,,,Ametage!79
QS3wqBNQ-pw,아메티지-스튜디오,아메티지-스튜디오--gas-station,922bb2e827c9,,,,Ametage!79
QS3wqBNQ-pw,아메티지-스튜디오,아메티지-스튜디오--lobby,72b61d561754,,,,Ametage!79
QS3wqBNQ-pw,아메티지-스튜디오,아메티지-스튜디오--motel,0a640578526a,,,,Ametage!79
zExqitQRRkM,아메티지-스튜디오,아메티지-스튜디오--diner,d4e101f774be,,,,Ametage!80
zExqitQRRkM,아메티지-스튜디오,아메티지-스튜디오--gas-station,24b71b38b6ab,,,,Ametage!80
zExqitQRRkM,아메티지-스튜디오,아메티지-스튜디오--motel,b5e8bd91abb3,,,,Ametage!80
5toNHtirpVM,아메티지-스튜디오,아메티지-스튜디오--hospital,af0bd1ee6b07,,,,Ametage!81
5toNHtirpVM,아메티지-스튜디오,아메티지-스튜디오--lobby,8bf9b82eb7f6,,,,Ametage!81
5toNHtirpVM,아메티지-스튜디오,아메티지-스튜디오--space-station,455ae28306df,,,,Ametage!81
5toNHtirpVM,아메티지-스튜디오,아메티지-스튜디오--prison,6f268c61f36d,,,,Ametage!81
zdy6FEbOSSM,아메티지-스튜디오,아메티지-스튜디오--gas-station,3b55939ed02c,,,,Ametage!82
zdy6FEbOSSM,아메티지-스튜디오,아메티지-스튜디오--motel,a5db1bbc5904,,,,Ametage!82
zdy6FEbOSSM,아메티지-스튜디오,아메티지-스튜디오--carpe-diem,424fe95ae02e,,,,Ametage!82
zdy6FEbOSSM,아메티지-스튜디오,아메티지-스튜디오--subway-station,186f0aa65f5a,,,,Ametage!82
zdy6FEbOSSM,아메티지-스튜디오,아메티지-스튜디오--train-station,79304db457ef,,,,Ametage!82
ByX8EZq8500,아메티지-스튜디오,아메티지-스튜디오--gas-station,d9cc196f20d7,,,,Ametage!83
qq7CIIhYMHM,아메티지-스튜디오,아메티지-스튜디오--diner,334dada993ef,,,,Ametage!84
qq7CIIhYMHM,아메티지-스튜디오,아메티지-스튜디오--hospital,3e155de8eddd,,,,Ametage!84
qq7CIIhYMHM,아메티지-스튜디오,아메티지-스튜디오--lobby,b544d14f668e,,,,Ametage!84
cKnMKy_i48Q,아메티지-스튜디오,아메티지-스튜디오--gas-station,0be5ef019ac2,,,,Ametage!85
cKnMKy_i48Q,아메티지-스튜디오,아메티지-스튜디오--motel,5a0991f9f9db,,,,Ametage!85
cKnMKy_i48Q,아메티지-스튜디오,아메티지-스튜디오--house,2df8c4c4c406,,,,Ametage!85
cKnMKy_i48Q,아메티지-스튜디오,아메티지-스튜디오--carpe-diem,06e1a4d96042,,,,Ametage!85
cKnMKy_i48Q,아메티지-스튜디오,아메티지-스튜디오--subway-station,2be44e52ea90,,,,Ametage!85
_Hu4GYtye5U,29-jiyeong-ro-100beon-gil-ilsandong-gu-goyang-si-gyeonggi-do,,35c204001d22,,,,Columbus!5
amwamQiiGHg,29-jiyeong-ro-100beon-gil-ilsandong-gu-goyang-si-gyeonggi-do,,6b65277557f8,,,,Columbus!6
zdkC_4rZmBs,29-jiyeong-ro-100beon-gil-ilsandong-gu-goyang-si-gyeonggi-do,,b53bac933f34,,,,Columbus!7
8vcvnECNxSU,29-jiyeong-ro-100beon-gil-ilsandong-gu-goyang-si-gyeonggi-do,,395af0d89601,,,,Columbus!8
dDW396b2tbY,29-jiyeong-ro-100beon-gil-ilsandong-gu-goyang-si-gyeonggi-do,,5e45764e954a,,,,Columbus!9
xfV_FMYphfs,29-jiyeong-ro-100beon-gil-ilsandong-gu-goyang-si-gyeonggi-do,,2484857b9a2d,,,,Columbus!10
NYT3Opelerg,29-jiyeong-ro-100beon-gil-ilsandong-gu-goyang-si-gyeonggi-do,,31b74d35beb8,,,,Columbus!11
jfOpltd2lbU,29-jiyeong-ro-100beon-gil-ilsandong-gu-goyang-si-gyeonggi-do,,986eb21fe147,,,,Columbus!12
79UVUxjLC5M,29-jiyeong-ro-100beon-gil-ilsandong-gu-goyang-si-gyeonggi-do,,63dda51a15f9,,,,Columbus!13
7HDeem-JaSY,29-jiyeong-ro-100beon-gil-ilsandong-gu-goyang-si-gyeonggi-do,,fa166eae4ea0,,,,Columbus!14
XZaBkbvteBc,29-jiyeong-ro-100beon-gil-ilsandong-gu-goyang-si-gyeonggi-do,,8378f6e9a51f,,,,Columbus!15
dWDKbiHzTvE,29-jiyeong-ro-100beon-gil-ilsandong-gu-goyang-si-gyeonggi-do,,0951444209ab,,,,Columbus!16
zjhZ3H0qD5E,29-jiyeong-ro-100beon-gil-ilsandong-gu-goyang-si-gyeonggi-do,,c7c708eff41b,,,,Columbus!17
f-BarpMXeA0,29-jiyeong-ro-100beon-gil-ilsandong-gu-goyang-si-gyeonggi-do,,2ae90607e486,,,,Columbus!18
nuD-a5lDqv0,29-jiyeong-ro-100beon-gil-ilsandong-gu-goyang-si-gyeonggi-do,,ff1568730347,,,,Columbus!19
r_EDlF-qgTM,29-jiyeong-ro-100beon-gil-ilsandong-gu-goyang-si-gyeonggi-do,,7627520faa14,,,,Columbus!20
CvQaclUIVX0,29-jiyeong-ro-100beon-gil-ilsandong-gu-goyang-si-gyeonggi-do,,5e530a70c592,,,,Columbus!21
yKxf00KEDhE,29-jiyeong-ro-100beon-gil-ilsandong-gu-goyang-si-gyeonggi-do,,046291cb70dc,,,,Columbus!22
QGySpyt0Byg,29-jiyeong-ro-100beon-gil-ilsandong-gu-goyang-si-gyeonggi-do,,a981ec2e777a,,,,Columbus!23
Zuy6BIpi_zo,29-jiyeong-ro-100beon-gil-ilsandong-gu-goyang-si-gyeonggi-do,,dff92f44092f,,,,Columbus!24
uedKsnhVEvQ,29-jiyeong-ro-100beon-gil-ilsandong-gu-goyang-si-gyeonggi-do,,08259b5c2e25,,,,Columbus!25
ppeI9wrv76w,29-jiyeong-ro-100beon-gil-ilsandong-gu-goyang-si-gyeonggi-do,,43953cfb740d,,,,Columbus!26
DaSCu7kap0Y,29-jiyeong-ro-100beon-gil-ilsandong-gu-goyang-si-gyeonggi-do,,1298fa941f5a,,,,Columbus!27
uDYy2UyO1X4,29-jiyeong-ro-100beon-gil-ilsandong-gu-goyang-si-gyeonggi-do,,3fdda0594685,,,,Columbus!28
pHvbVhkNhwE,29-jiyeong-ro-100beon-gil-ilsandong-gu-goyang-si-gyeonggi-do,,dfb32e51bc2b,,,,Columbus!29
Ec0Z1v7jKDQ,29-jiyeong-ro-100beon-gil-ilsandong-gu-goyang-si-gyeonggi-do,,fd696e8f4c32,,,,Columbus!30
JaIMSzE5yLA,29-jiyeong-ro-100beon-gil-ilsandong-gu-goyang-si-gyeonggi-do,,31c092ecd132,,,,Columbus!31
4DTkTJPtDZI,columbus-spacerental-09,,61e0edeb9258,,,,Columbus!34
UJaW2Z5DxS8,columbus-spacerental-09,,59096eb5374e,,,,Columbus!35
k8LXeI5S8Cs,columbus-spacerental-09,,96b1afce2967,,,,Columbus!36
JM88m7SY8FE,columbus-spacerental-09,,830e7eea6f19,,,,Columbus!37
v6WIePs7U4g,columbus-spacerental-09,,c0813d454f6f,,,,Columbus!38
3T4gA1-sAzI,columbus-spacerental-09,,785d631c5735,,,,Columbus!39
eW-rXBIwRJU,columbus-spacerental-09,,c48c8e2465c7,,,,Columbus!40
YGmRaVLi66U,columbus-spacerental-09,,d1cb0f8cbadf,,,,Columbus!41
o7--Ds0MtUM,columbus-spacerental-11,,08f06aefea4b,,,,Columbus!44
dZs_cLHfnNA,columbus-spacerental-11,,09cc03cc76bd,,,,Columbus!45
p7Yc0kaz_hY,columbus-spacerental-11,,92e9a629d6ff,,,,Columbus!46
JleoAppaxi0,columbus-spacerental-11,,4a85e336c7fe,,,,Columbus!47
GRgUK0JGoNg,columbus-spacerental-11,,a36ad53a2578,,,,Columbus!48
pYn96ujbJX0,columbus-spacerental-11,,588fa86cb655,,,,Columbus!49
ORARQwgctVE,columbus-spacerental-11,,7c12f4c33c17,,,,Columbus!50
hVLRky1hGfk,columbus-spacerental-11,,cb5ae15c5b64,,,,Columbus!51
yxfCbV21ck8,columbus-spacerental-01,,4ef7ab4741ca,,,,Columbus!54
aKyt6Ahxwss,columbus-spacerental-01,,695aedb204a9,,,,Columbus!55
WlsTyEGK9I8,columbus-spacerental-01,,d89936126788,,,,Columbus!56
V9iN-Yj0VTI,columbus-spacerental-01,,87f5f3edbfb2,,,,Columbus!57
nLoZiWdgPLc,columbus-1,,6ef33376331f,,,,Columbus!60
sU0FVs9Enq8,mamago-피라미드,,1ec3767f59d6,,,,Mamago!5
39LY7OxHgFk,mamago-피라미드,,2bb00bd6f346,,,,Mamago!6
RknLOnO6ZtI,종로-낙원동-건국빌딩-주차타워,,f36f168aea59,,,,Mamago!9
Sz_wWzgh-vQ,종로-낙원동-건국빌딩-주차타워,,03e90b4dd71b,,,,Mamago!10
88GkYKvnvvI,종로-낙원동-건국빌딩-주차타워,,e59a1d17031a,,,,Mamago!11
OgEwJ8a1OoY,종로-낙원동-건국빌딩-주차타워,,5d306ee74979,,,,Mamago!12
01pEUMbf5Mw,종로-낙원동-건국빌딩-주차타워,,0b575195018a,,,,Mamago!13
uglrQCWtLUg,mamago-와이키키s-와이키키h,mamago-와이키키s-와이키키h--spot-1,e9666f53d224,,,,Mamago!16
YEA1ROHi0Eg,mamago-와이키키s-와이키키h,mamago-와이키키s-와이키키h--spot-1,d0ad99ea3096,,,,Mamago!17
2lFG1uEZfNg,mamago-와이키키s-와이키키h,mamago-와이키키s-와이키키h--spot-1,7bf080cc2f1a,,,,Mamago!18
2lFG1uEZfNg,mamago-와이키키s-와이키키h,mamago-와이키키s-와이키키h--spot-2,cbd32cc90755,,,,Mamago!18
2lFG1uEZfNg,mamago-와이키키s-와이키키h,mamago-와이키키s-와이키키h--spot-3,ee78e9db86a9,,,,Mamago!18
2lFG1uEZfNg,mamago-와이키키s-와이키키h,mamago-와이키키s-와이키키h--spot-4,fba8f4a14c86,,,,Mamago!18
U-o6bmvH7R4,mamago-와이키키s-와이키키h,mamago-와이키키s-와이키키h--spot-1,9f8469de0162,,,,Mamago!19
U-o6bmvH7R4,mamago-와이키키s-와이키키h,mamago-와이키키s-와이키키h--spot-2,3424d0cdf8c4,,,,Mamago!19
U-o6bmvH7R4,mamago-와이키키s-와이키키h,mamago-와이키키s-와이키키h--spot-3,ca597afbd338,,,,Mamago!19
U-o6bmvH7R4,mamago-와이키키s-와이키키h,mamago-와이키키s-와이키키h--spot-4,c1fef197b764,,,,Mamago!19
U-o6bmvH7R4,mamago-와이키키s-와이키키h,mamago-와이키키s-와이키키h--spot-5,20ee3cfa0517,,,,Mamago!19
U-o6bmvH7R4,mamago-와이키키s-와이키키h,mamago-와이키키s-와이키키h--spot-6,6ed7b8dfd363,,,,Mamago!19
IcwHopeT5gY,mamago-와이키키s-와이키키h,mamago-와이키키s-와이키키h--spot-1,a7f4215771eb,,,,Mamago!20
IcwHopeT5gY,mamago-와이키키s-와이키키h,mamago-와이키키s-와이키키h--spot-4,1aabf2f1c169,,,,Mamago!20
APjtMcVKIc0,mamago-와이키키s-와이키키h,mamago-와이키키s-와이키키h--spot-1,7c6de7bf7ed6,,,,Mamago!21
APjtMcVKIc0,mamago-와이키키s-와이키키h,mamago-와이키키s-와이키키h--spot-3,11c45fccc610,,,,Mamago!21
APjtMcVKIc0,mamago-와이키키s-와이키키h,mamago-와이키키s-와이키키h--spot-4,bf4d39b02aea,,,,Mamago!21
APjtMcVKIc0,mamago-와이키키s-와이키키h,mamago-와이키키s-와이키키h--spot-5,68b87fcf2aca,,,,Mamago!21
n7AChRJK7tc,mamago-와이키키s-와이키키h,mamago-와이키키s-와이키키h--spot-1,da65bb607601,,,,Mamago!22
XdujOljuyNw,mamago-와이키키s-와이키키h,mamago-와이키키s-와이키키h--spot-1,da5c33a8b5f7,,,,Mamago!23
XdujOljuyNw,mamago-와이키키s-와이키키h,mamago-와이키키s-와이키키h--spot-2,2f7425bc0d90,,,,Mamago!23
XdujOljuyNw,mamago-와이키키s-와이키키h,mamago-와이키키s-와이키키h--spot-3,9bfff9882139,,,,Mamago!23
XdujOljuyNw,mamago-와이키키s-와이키키h,mamago-와이키키s-와이키키h--spot-4,8a4d2ca130c8,,,,Mamago!23
XdujOljuyNw,mamago-와이키키s-와이키키h,mamago-와이키키s-와이키키h--spot-5,50fba357be2b,,,,Mamago!23
TcMV9YeT9Sw,mamago-와이키키s-와이키키h,mamago-와이키키s-와이키키h--spot-1,27f0559575e8,,,,Mamago!24
TcMV9YeT9Sw,mamago-와이키키s-와이키키h,mamago-와이키키s-와이키키h--spot-2,b0c577343cab,,,,Mamago!24
TcMV9YeT9Sw,mamago-와이키키s-와이키키h,mamago-와이키키s-와이키키h--spot-3,fe85b68a9fbf,,,,Mamago!24
TcMV9YeT9Sw,mamago-와이키키s-와이키키h,mamago-와이키키s-와이키키h--spot-4,9a11aea31dc9,,,,Mamago!24
TcMV9YeT9Sw,mamago-와이키키s-와이키키h,mamago-와이키키s-와이키키h--spot-5,53191fc1dba7,,,,Mamago!24
TcMV9YeT9Sw,mamago-와이키키s-와이키키h,mamago-와이키키s-와이키키h--spot-6,2fbd631e21a0,,,,Mamago!24
UuoYKHIYq4Q,mamago-와이키키s-와이키키h,mamago-와이키키s-와이키키h--spot-1,eb5944c958da,,,,Mamago!25
UuoYKHIYq4Q,mamago-와이키키s-와이키키h,mamago-와이키키s-와이키키h--spot-2,dd4c2e314115,,,,Mamago!25
UuoYKHIYq4Q,mamago-와이키키s-와이키키h,mamago-와이키키s-와이키키h--spot-4,21a4ccd20b32,,,,Mamago!25
_ApV7Lm87cg,copy-of-columbus,,ce4d2d9caf2c,,,,Copy of Columbus!2
X-uJtV8ScYk,copy-of-columbus,,599ad1847f8a,,,,Copy of Columbus!3
gAFgaI5D3Gc,copy-of-columbus,,84b1b022390b,,,,Copy of Columbus!4
bjjXgQdPhQA,copy-of-columbus,,a3a550127165,,,,Copy of Columbus!5
SA4V3TE4j3c,copy-of-columbus,,30d279799cb3,,,,Copy of Columbus!6
EtNu7SrOH1k,copy-of-columbus,,09b07d59cfbe,,,,Copy of Columbus!7
XBDll5HO9Rc,copy-of-columbus,,9c88a4b0096d,,,,Copy of Columbus!8
y09NxUvG2x0,geobugseom,,0269e2e571a8,,,,Geobug Island!2
kYt8gxlthWs,geobugseom,,954709b81bb8,,,,Geobug Island!3
juQvizeZJFM,geobugseom,,f5e66a06eff4,,,,Geobug Island!4
dTX-6WdiXx8,geobugseom,,44acfda0530c,,,,Geobug Island!5
HM6UpQZvbhY,geobugseom,,7b3d2c4ec52f,,,,Geobug Island!6
jLLyTeV_QMQ,geobugseom,,c16276dfb84f,,,,Geobug Island!7
2nyGJhSa3hI,geobugseom,,d15b1c24740a,,,,Geobug Island!8
aiHSVQy9xN8,geobugseom,,eb33ff6ee1ed,,,,Geobug Island!9
zzk09ESX7e0,geobugseom,,ba9fc8c5fcd0,,,,Geobug Island!10
pU8Gu5aOWZ0,geobugseom,,89ca165c432d,,,,Geobug Island!11
FyG21rXCxlY,geobugseom,,c9f45a98fe7e,,,,Geobug Island!12
XpZTcLSH6Cc,geobugseom,,3c337ce93635,,,,Geobug Island!13
eMk_0svqsnI,geobugseom,,d6e5dab3d4aa,,,,Geobug Island!14
tbDGl7jEazA,geobugseom,,d5c51524cd29,,,,Geobug Island!15
TZhlLAUpXqE,geobugseom,,8f1ba256abc2,,,,Geobug Island!16
IdssuxDdqKk,geobugseom,,2f93902a651b,,,,Geobug Island!17
gjHcbWTXqEY,geobugseom,,bc8d04da3d79,,,,Geobug Island!18
Li0zo4SZ5AY,geobugseom,,30b971984a41,,,,Geobug Island!19
Q8y4WKRNpyc,geobugseom,,1f813050d33d,,,,Geobug Island!20
bqGd-JvIn0Q,geobug-island-1,,fbdc92c7bdbd ; bb0cbb1e97b5,,,,Geobug Island!22
5BVC6VggY3A,geobug-island-1,,61652e3cd053,,,,Geobug Island!23
4TTI8UR7kTE,geobug-island-1,,36b84f5fa24e ; b1c04209012a,,,,Geobug Island!24
5G7Y7Yraq5I,geobug-island-1,,70ed4382f314,,,,Geobug Island!25
smzt0he4EPA,geobug-island-1,,18f9622ff450 ; abf6a9062cd4,,,,Geobug Island!26
_qJEoSa3Ie0,abandoned-gimcheon-medical-school,,8b7f91a45179,,,,Gimcheon campus!2
gH14nS5NC0g,abandoned-gimcheon-medical-school,,f5eaac750f1a,,,,Gimcheon campus!3
FYPT5MMb75E,abandoned-gimcheon-medical-school,,8f3a7d4e3d57,,,,Gimcheon campus!4
AdfIfFGCqgo,abandoned-gimcheon-medical-school,,f8ac7dcf905f,,,,Gimcheon campus!5
Q2Rsmi7jhg8,abandoned-gimcheon-medical-school,,bdcbb56678e6,,,,Gimcheon campus!6
_dUFaQ2NYV0,abandoned-gimcheon-medical-school,,26a594b44283,,,,Gimcheon campus!7
RgNKpDpr4rE,abandoned-gimcheon-medical-school,,86ddc56e68e7,,,,Gimcheon campus!8
mF1faBr77sg,abandoned-gimcheon-medical-school,,beafbe757b99,,,,Gimcheon campus!9
rjCzp_mMkVE,abandoned-gimcheon-medical-school,,867b8f30a04c,,,,Gimcheon campus!10
ETiRQ2_75MQ,abandoned-gimcheon-medical-school,,a76e746c94bd,,,,Gimcheon campus!11
HrGTe1EQWmE,abandoned-gimcheon-medical-school,,d52f28253ec4,,,,Gimcheon campus!12
RZwjhn6xGvo,abandoned-gimcheon-medical-school,,42fd825cdd29,,,,Gimcheon campus!13
_kDLta6wvcY,abandoned-gimcheon-medical-school,,6406bb3f0450,,,,Gimcheon campus!14
XEHvsV9u16k,abandoned-gimcheon-medical-school,,727564ce805a,,,,Gimcheon campus!15
PMLPefdwM00,abandoned-gimcheon-medical-school,,3e313c1920c3,,,,Gimcheon campus!16
XLV--CXZzxM,abandoned-gimcheon-medical-school,,2710c8ffd685,,,,Gimcheon campus!17
pEFG9bpQHtI,abandoned-gimcheon-medical-school,,56ec81817f52,,,,Gimcheon campus!18
hV_d3cvOjvc,abandoned-gimcheon-medical-school,,3a3ea8b37986,,,,Gimcheon campus!19
71gOeMzNEBQ,abandoned-gimcheon-medical-school,,e9dc4ae5accd,,,VERIVERY - 'TRIGGER' Performance Video - YouTube,Gimcheon campus!20
ZJaKdBBzUYk,abandoned-gimcheon-medical-school,,333d27259c47,,,,Gimcheon campus!21
BrAtML0UIsM,abandoned-gimcheon-medical-school,,e82da5b92004,,,,Gimcheon campus!22
phTLVfMhwEI,abandoned-gimcheon-medical-school,,59a42cdc62c3,,,,Gimcheon campus!23
LE_lqvJ4qzo,abandoned-gimcheon-medical-school,,7a256f06fb21,,,,Gimcheon campus!24
NCuFonpf-qk,abandoned-gimcheon-medical-school,,de52409588b1,,,,Gimcheon campus!25
OrlkRhaVnhk,abandoned-gimcheon-medical-school,,6f11068f516d,,,,Gimcheon campus!26
FZ9lJ5ctd0s,the-sharp-star-city,,213147403f15,,,,Helipads!2
hwWgRzRu22c,meet-you-all-tower-incheon,,578bb8c26ec8,,,,Helipads!5
a7cH5EAXNNg,meet-you-all-tower-incheon,,1f32be89e130,,,,Helipads!6
Q4vFviZ4qw0,the-sharp-central-park-1st-condominium-complex,,9481de62c7cc,,,,Helipads!8
ktc8XDBq93k,namsan-central-xi,,2fb68cb88c14,,,,Helipads!11
UkY8HvgvBJ8,namsan-central-xi,,6aa11a5f4fb9,,,,Helipads!12
YlNQFvpjwYU,namsan-central-xi,,5ff0a0926b76,,,,Helipads!13
pBkHVZRss_w,namsan-central-xi,,93be95a0e216,,,,Helipads!14
54UOZDwQDyw,namsan-central-xi,,2484a5dde96f,58,,,Helipads!15
O5ZiP-9_P-M,namsan-central-xi,,8b8486a954eb,,,,Helipads!16
3TQd2ahq6oU,namsan-central-xi,,ec8ef9cf80cd,,,,Helipads!17
WpuatuzSDK4,namsan-central-xi,,fcca86e7c85f,,,,Helipads!18
xNjnk-z3OPE,namsan-central-xi,,454d36533225,,,,Helipads!19
FG7NfcuICiA,namsan-central-xi,,37b945bab129,,,,Helipads!20
NrhiAhozWZk,namsan-central-xi,,4f672f708d92,,,,Helipads!21
HnnJGp04iNc,namsan-central-xi,,7f4ac274e56c,,,,Helipads!22
id0c8yuwmTg,boutique-monaco-museum,,d6d2853bb8a2,,,,Helipads!25
CT0_yyYgZo8,boutique-monaco-museum,,89d12d24d30d,,,,Helipads!26
8IMPpF2tIWI,boutique-monaco-museum,,1e1556d21a8f,,,,Helipads!27
ApZbDJrIJe4,ddmc,,9339639bf6bf,,,,Helipads!30
z3RTc-8J3CU,mbc-dream-center,,929b2e7f1fd6,,,,Helipads!33
k24UEMaLwEk,u-s-bank-tower,,8005b97d9840,,,,Helipads!36
Xo8FPXlI3CU,helipads-1,,c0264191006c,,,,Helipads!39
TnJqGMW4yts,helipads-2,,7be3729617b7,,,,Helipads!42
TzUgdLsRFjc,sky-walk-residences,,7dfa5cd8ea62,,,,Helipads!45
r1QapH1SIAI,sky-walk-residences,,5b6679786549,,,,Helipads!46
8F61FXiYpP0,seupilo,,92426e53c183,,,,Helipads!49
2EtFv4apgvo,성수-생각공장-데시앙플렉스,,6d7b6fe76090,,,,Helipads!52
xfqBQ2XhBCg,사명기획,,eee8bd6ce585,,,,Parkings/Rooftops!2
qfVuRQX0ydQ,사명기획,,c7fe52448ed8,,,,Parkings/Rooftops!3
bjjXgQdPhQA,사명기획,,8c9d6b2c0a4c,,,,Parkings/Rooftops!4
c9pgKj9OF18,사명기획,,8c6a3f6a12a6,,,,Parkings/Rooftops!5
Vbne6s0e0rI,사명기획,,9d1d7bd8bd8c,,,,Parkings/Rooftops!6
DLKgKmc0Qlk,사명기획,,9bcbcbf9af6d,,,,Parkings/Rooftops!7
ZjqD3qtT6tE,사명기획,,89310a3386a7,,,,Parkings/Rooftops!8
-2fXwtgWYXg,사명기획,,2ae47ec9d938,,,,Parkings/Rooftops!9
H4H99b1CjPU,사명기획,,8381d0810414,,,,Parkings/Rooftops!10
2pm8e8i4mGs,사명기획,,fa13e79ee660,,,,Parkings/Rooftops!11
xC8E73x_85s,parkings-rooftops-1,,421fd3e038dd,,,,Parkings/Rooftops!14
9XttLI0oH0I,628-s-olive-st-los-angeles-ca-90014-usa,,59e944ff205e,,,,Parkings/Rooftops!17
2HcVZm_4qAI,parkings-rooftops-2,,35b96d705b94 ; 07e5a7335b7a,,,,Parkings/Rooftops!20
OymA_K4qbKM,parkings-rooftops-2,,dafaf0cad39f ; 0b554362e716,,,,Parkings/Rooftops!21
80SH8Z_DOnY,parkings-rooftops-2,,7e591d4cf50b ; 0cabecd8bd61,,,,Parkings/Rooftops!22
l4On7TQoM-M,parkings-rooftops-2,,ac44a7eefb0b,,,,Parkings/Rooftops!23
Iy8-qPT8rQE,parkings-rooftops-2,,6962fb99eef3,,,,Parkings/Rooftops!24
ufwB9Uja_wM,parkings-rooftops-2,,0c81f4e39298,,,,Parkings/Rooftops!25
hxVDkt_TI64,parkings-rooftops-2,,859f4e744d2c ; 87c1b6f77549,,,,Parkings/Rooftops!26
UUjLMDHlnGg,parkings-rooftops-3,,808f49f66ddd,,,,Parkings/Rooftops!29
HvSxfGbB_Xw,parkings-rooftops-3,,9ad3be365ceb,,,,Parkings/Rooftops!30
IPxDgf-g9Kw,parkings-rooftops-4,,bef36ebd17e2,,,,Parkings/Rooftops!33
HvSxfGbB_Xw,parkings-rooftops-4,,4e40ecc3ac88,,,,Parkings/Rooftops!34
REpZEEpjMlc,parkings-rooftops-5,,1d0349b80f7d,,,,Parkings/Rooftops!37
nJNR51KfaPE,parkings-rooftops-6,,6e5ff34f6722,,,,Parkings/Rooftops!40
qNeq0aRGk9I,parkings-rooftops-7,,51347370c15c,,,,Parkings/Rooftops!43 ; Studio Heal!2
HFt1cGu-AFU,parkings-rooftops-7,,591ba9aed6a2,,,,Parkings/Rooftops!44 ; Studio Heal!3
CKwqTCUY8M4,parkings-rooftops-7,,006052d47a5f,,,,Parkings/Rooftops!45 ; Studio Heal!4
cf4-NaLmqN4,parkings-rooftops-7,,60fdbe1441b7,,,,Parkings/Rooftops!46 ; Studio Heal!5
-Fd2sdSaby8,parkings-rooftops-7,,af88deba5a4d,,,,Parkings/Rooftops!47
5G7Y7Yraq5I,현대-그리너리캠퍼스-별가람역-지식산업센터,,4ca4e1a4b3f2 ; d2d98f16f7b1,,,,Parkings/Rooftops!50
cUF8E4whOys,kintex-1,,e581964740f9,,,,Parkings/Rooftops!53
xAc4-FS-2cA,kintex-1,,cf8d9f2954c3,,,,Parkings/Rooftops!54
uaAAG1e4mTc,영남공영주차장,,8170beb0487f,,,,Parkings/Rooftops!57
dVeuGA5KtAY,royal-jubilee-carousel,,90ee183d3a9d,,,,Everland!5
dVeuGA5KtAY,kfc-용인에버랜드점,,b2c9221a1629,,,,Everland!9
1Lmy7qwmSMc,lotte-world-tower,,8ac8f6ed37fc,,,,Lotte World!2
vWuiSvJELEo,lotte-world-tower,,5f2227a8b00d,,,,Lotte World!3
KkyUE7TcBcs,lotte-world,,c5ff95f48ba0,,,,Lotte World!6
lMr-NHi8j0U,lotte-world,,04bea6c4db26,,,,Lotte World!7
HefrSFeMyPs,lotte-world-1,,5735730e9bd2,,,,Lotte World!10
8zT_ZXrsUVY,lotte-world-2,,1c9fca78bf6f,,,,Lotte World!13
dVeuGA5KtAY,carwash-gas-station-1,,5014832b2f98,,,,Carwash/Gas Station!2
4QZu2LyemL4,carwash-gas-station-1,,e40eff6a9341,,,,Carwash/Gas Station!3
dVeuGA5KtAY,자유로자동차극장,,20853b5c2b57 ; bfdd707db1f3,,,,Carwash/Gas Station!6
zHPvg6Xi6Us,자유로자동차극장,,594febb99e72,,,,Carwash/Gas Station!7
i0Bk73OEYq8,자유로자동차극장,,b0396889f3d0,,,,Carwash/Gas Station!8
y1GKbzYJiyg,자유로자동차극장,,c6216fe23a9a,,,,Carwash/Gas Station!9
-SyNyQGxhEI,자유로자동차극장,,68edad91602a,,,,Carwash/Gas Station!10
hIb9MyqyNZw,자유로자동차극장,,cd52156cf9ec,,,,Carwash/Gas Station!11
_GhDDSjmNww,자유로자동차극장,,41b5f0f0307a,,,,Carwash/Gas Station!12
0LiQp7y8Wwc,acres-space-gas-station,acres-space-gas-station--spot-1,8414071676b7,,,,Carwash/Gas Station!15
0LiQp7y8Wwc,acres-space-gas-station,acres-space-gas-station--spot-2,9c2f55e422b4,,,,Carwash/Gas Station!15
MA_B8RU9BsQ,acres-space-gas-station,acres-space-gas-station--spot-1,428ce3d35803,,,,Carwash/Gas Station!16
MA_B8RU9BsQ,acres-space-gas-station,acres-space-gas-station--spot-2,67c2de76a33c,,,,Carwash/Gas Station!16
11iZcYbq_is,acres-space-gas-station,acres-space-gas-station--spot-1,668966777842,,,,Carwash/Gas Station!17
11iZcYbq_is,acres-space-gas-station,acres-space-gas-station--spot-2,36c26d42b69f,,,,Carwash/Gas Station!17
OymA_K4qbKM,acres-space-gas-station,acres-space-gas-station--spot-1,6b6932818191,,,,Carwash/Gas Station!18
V3g_eVyvl8w,acres-space-gas-station,acres-space-gas-station--spot-1,15882e25d60e,,,,Carwash/Gas Station!19
V3g_eVyvl8w,acres-space-gas-station,acres-space-gas-station--spot-2,8f224ceed5cc,,,,Carwash/Gas Station!19
t1jU35Xwi3Y,acres-space-gas-station,acres-space-gas-station--spot-1,1d597d91aeb1,,,,Carwash/Gas Station!20
t1jU35Xwi3Y,acres-space-gas-station,acres-space-gas-station--spot-2,ff37a4fea93f,,,,Carwash/Gas Station!20
Zp-Jhuhq0bQ,acres-space-gas-station,acres-space-gas-station--spot-1,b03b55456270,,,,Carwash/Gas Station!21
Zp-Jhuhq0bQ,acres-space-gas-station,acres-space-gas-station--spot-2,5f98af9a1727,,,,Carwash/Gas Station!21
1uFEEzQN9dc,acres-space-gas-station,acres-space-gas-station--spot-1,01236490e164,,,,Carwash/Gas Station!22
1uFEEzQN9dc,acres-space-gas-station,acres-space-gas-station--spot-2,6461981b7551,,,,Carwash/Gas Station!22
ZiuIL_krh8Q,acres-space-gas-station,acres-space-gas-station--spot-1,8e2e0dea3d55,,,,Carwash/Gas Station!23
ZiuIL_krh8Q,acres-space-gas-station,acres-space-gas-station--spot-2,2d51fd477157,,,,Carwash/Gas Station!23
aJA8NgptOSw,acres-space-gas-station,acres-space-gas-station--spot-1,a8554ac7cb4c,,,,Carwash/Gas Station!24
aJA8NgptOSw,acres-space-gas-station,acres-space-gas-station--spot-2,11f92d7ea4ad,,,,Carwash/Gas Station!24
V3Xpaadt-RA,acres-space-gas-station,acres-space-gas-station--spot-3,789c6dc15257,,,,Carwash/Gas Station!25
dT4qG6x6Qfo,acres-space-gas-station,acres-space-gas-station--spot-1,e0bb99b330a2,,,,Carwash/Gas Station!26
dT4qG6x6Qfo,acres-space-gas-station,acres-space-gas-station--spot-2,b6cc43cda97f,,,,Carwash/Gas Station!26
PUYqO3c6xps,acres-space-gas-station,acres-space-gas-station--spot-1,45a8e466031f,,,,Carwash/Gas Station!27
PUYqO3c6xps,acres-space-gas-station,acres-space-gas-station--spot-2,edfae6f9ee0d,,,,Carwash/Gas Station!27
kwU-8HvrO5k,acres-space-gas-station,acres-space-gas-station--spot-1,dcb9f850e541,,,,Carwash/Gas Station!28
kwU-8HvrO5k,acres-space-gas-station,acres-space-gas-station--spot-2,6dda6b2ea29c,,,,Carwash/Gas Station!28
u0RSffjE0Ig,acres-space-gas-station,acres-space-gas-station--spot-1,0ffdaeb9d771,,,,Carwash/Gas Station!29
u0RSffjE0Ig,acres-space-gas-station,acres-space-gas-station--spot-2,0992931a7956,,,,Carwash/Gas Station!29
ldDJyYVA4S0,acres-space-gas-station,acres-space-gas-station--spot-1,d6305e1a3621,,,,Carwash/Gas Station!30
Sz_wWzgh-vQ,acres-space-gas-station,acres-space-gas-station--spot-2,029c3074110c,,,,Carwash/Gas Station!31
PVbqyKzfAjI,acres-space-gas-station,acres-space-gas-station--spot-1,0d733c8d00cf,,,,Carwash/Gas Station!32
PVbqyKzfAjI,acres-space-gas-station,acres-space-gas-station--spot-2,575b0526e616,,,,Carwash/Gas Station!32
HvSxfGbB_Xw,acres-space-gas-station,acres-space-gas-station--spot-1,58bf9295ba73,,,,Carwash/Gas Station!33
imgur-Pqcj3tf,acres-space-gas-station,acres-space-gas-station--spot-1,15833a8a0628,,,,Carwash/Gas Station!34
624NpugNTi4,acres-space-gas-station,acres-space-gas-station--spot-2,0ec951ceca8e,,,,Carwash/Gas Station!35
FMX98ROVRCE,acres-space-gas-station,acres-space-gas-station--spot-1,25d414ed11f1,,,,Carwash/Gas Station!36
f8mkCg5T2gE,acres-space-gas-station,acres-space-gas-station--spot-1,f4d7b0e2104e,,,,Carwash/Gas Station!37
f8mkCg5T2gE,acres-space-gas-station,acres-space-gas-station--spot-2,81194e00b1da,,,,Carwash/Gas Station!37
f8mkCg5T2gE,acres-space-gas-station,acres-space-gas-station--spot-3,40667412eaf2,,,,Carwash/Gas Station!37
ig-DQlqeDGkj1G,acres-space-gas-station,acres-space-gas-station--spot-1,8f20f9cde0cb,,,,Carwash/Gas Station!38
SksA5JlCtI8,acres-space-gas-station,acres-space-gas-station--spot-1,9f5b8f62e7ca,,,,Carwash/Gas Station!39
SksA5JlCtI8,acres-space-gas-station,acres-space-gas-station--spot-2,33a0b5f73880,,,,Carwash/Gas Station!39
ByX8EZq8500,acres-space-gas-station,,,,,,Carwash/Gas Station!40
cwgA7QerOC0,acres-space-gas-station,acres-space-gas-station--spot-1,19687d35f657,,,,Carwash/Gas Station!41
tqGcOmgTq_U,acres-space-gas-station,acres-space-gas-station--spot-2,f8f3926c6680,,,,Carwash/Gas Station!42
tqGcOmgTq_U,acres-space-gas-station,acres-space-gas-station--spot-4,7f368a3857e9,,,,Carwash/Gas Station!42
7x5Apnkx6ec,acres-space-gas-station,acres-space-gas-station--spot-3,2b296568d536,,,,Carwash/Gas Station!43
ZEjlls0-4Ag,acres-space-gas-station,acres-space-gas-station--spot-2,32d526b26c1f,,,,Carwash/Gas Station!44
ZEjlls0-4Ag,acres-space-gas-station,acres-space-gas-station--spot-4,4eb8f0d3d149,,,,Carwash/Gas Station!44
9cJIVzT7YVY,acres-space-gas-station,acres-space-gas-station--spot-1,86fd8b1d66c3,,,,Carwash/Gas Station!45
9cJIVzT7YVY,acres-space-gas-station,acres-space-gas-station--spot-2,3f9664b72289,,,,Carwash/Gas Station!45
9cJIVzT7YVY,acres-space-gas-station,acres-space-gas-station--spot-3,712045f271ad,,,,Carwash/Gas Station!45
glXgSSOKlls,four-aces-movie-ranch,,85a08bdf7231,,,,Carwash/Gas Station!48
gbCw_Jj6hDI,four-aces-movie-ranch,,da5aa6b29243,,,,Carwash/Gas Station!49
vcSjLaQ4PQo,four-aces-movie-ranch,,a4e630ca6fae,,,,Carwash/Gas Station!50
VGnOpZhsPk4,four-aces-movie-ranch,,c26300382c70,,,,Carwash/Gas Station!51
EtecXqZnSDA,four-aces-movie-ranch,,ac2b5c9081d5,,,,Carwash/Gas Station!52
yXj6s7KbkDU,provoke-seoul,provoke-seoul--hallway,c19ce99cf662,,,,provoke Seoul!3
yXj6s7KbkDU,provoke-seoul,provoke-seoul--hangar,104b740e03c5,,,,provoke Seoul!3
yXj6s7KbkDU,provoke-seoul,provoke-seoul--stairs,9671a1cc8664,,,,provoke Seoul!3
1BROMl-k28k,provoke-seoul,provoke-seoul--outside,a17456080297,,,,provoke Seoul!4
1BROMl-k28k,provoke-seoul,provoke-seoul--hallway,33a392018d69,,,,provoke Seoul!4
1BROMl-k28k,provoke-seoul,provoke-seoul--hangar-2,f8b5bb61e027,,,,provoke Seoul!4
1BROMl-k28k,provoke-seoul,provoke-seoul--chimneys,b7117c25a6ae,,,,provoke Seoul!4
wUuruvYbp14,provoke-seoul,provoke-seoul--outside,8dea7225b114,,,,provoke Seoul!5
wUuruvYbp14,provoke-seoul,provoke-seoul--hallway,1c6d47f5b7b7,,,,provoke Seoul!5
wUuruvYbp14,provoke-seoul,provoke-seoul--hangar,3eae367c7b7e,,,,provoke Seoul!5
wUuruvYbp14,provoke-seoul,provoke-seoul--hangar-2,1dd87361f7bb,,,,provoke Seoul!5
wUuruvYbp14,provoke-seoul,provoke-seoul--stairs,88e6a9eaeb76,,,,provoke Seoul!5
Sxunv8l446U,provoke-seoul,provoke-seoul--hallway,804b009bd9d7,,,,provoke Seoul!6
Sxunv8l446U,provoke-seoul,provoke-seoul--hangar,264bf5ef48f9,,,,provoke Seoul!6
Sxunv8l446U,provoke-seoul,provoke-seoul--bath,2c4d02785523,,,,provoke Seoul!6
HNUYaAkuoiY,provoke-seoul,provoke-seoul--outside,4f8ed10d7f15,,,,provoke Seoul!7
HNUYaAkuoiY,provoke-seoul,provoke-seoul--hallway,dcd80b936712,,,,provoke Seoul!7
HNUYaAkuoiY,provoke-seoul,provoke-seoul--hangar-2,975a2e54a4f4,,,,provoke Seoul!7
HNUYaAkuoiY,provoke-seoul,provoke-seoul--stairs,f5e363a9e02a,,,,provoke Seoul!7
VbIf3z2SqHg,provoke-seoul,provoke-seoul--outside,01045588b807 ; f896298b2b9d,,,,provoke Seoul!8
VbIf3z2SqHg,provoke-seoul,provoke-seoul--hallway,7da57a5cd93a,,,,provoke Seoul!8
VbIf3z2SqHg,provoke-seoul,provoke-seoul--hangar-2,d8b5f79f3e58,,,,provoke Seoul!8
VbIf3z2SqHg,provoke-seoul,provoke-seoul--stairs,4a8db8a5688b,,,,provoke Seoul!8
VbIf3z2SqHg,provoke-seoul,provoke-seoul--bath,78ad1a9eb0e2,,,,provoke Seoul!8
ZYi4lmmKRrY,provoke-seoul,provoke-seoul--hallway,537bfa4ef097,,,,provoke Seoul!9
ZYi4lmmKRrY,provoke-seoul,provoke-seoul--hangar-2,77911c62d69a,,,,provoke Seoul!9
ZYi4lmmKRrY,provoke-seoul,provoke-seoul--bath,910133112cf7,,,,provoke Seoul!9
WG6obN0sHCI,provoke-seoul,provoke-seoul--outside,af5ddd8e778f,,,,provoke Seoul!10
WG6obN0sHCI,provoke-seoul,provoke-seoul--hallway,c97e61be5cb4,,,,provoke Seoul!10
WG6obN0sHCI,provoke-seoul,provoke-seoul--hangar,ce2bbd81301f,,,,provoke Seoul!10
WG6obN0sHCI,provoke-seoul,provoke-seoul--stairs,9cc692994e74,,,,provoke Seoul!10
WG6obN0sHCI,provoke-seoul,provoke-seoul--bath,ab01dc7471e3,,,,provoke Seoul!10
US8zsyQm3kc,provoke-seoul,provoke-seoul--outside,f4ba0f81ee57,,,,provoke Seoul!11
US8zsyQm3kc,provoke-seoul,provoke-seoul--hallway,91f164cb6121,,,,provoke Seoul!11
US8zsyQm3kc,provoke-seoul,provoke-seoul--stairs,251a4bffbba4,,,,provoke Seoul!11
US8zsyQm3kc,provoke-seoul,provoke-seoul--bath,139aa9b27a4e,,,,provoke Seoul!11
_cWIJ9FoqMk,provoke-seoul,provoke-seoul--outside,f55b45d2b468,,,,provoke Seoul!12
_cWIJ9FoqMk,provoke-seoul,provoke-seoul--hallway,47b84348a476,,,,provoke Seoul!12
_cWIJ9FoqMk,provoke-seoul,provoke-seoul--hangar,0ff29d7ed17c,,,,provoke Seoul!12
_cWIJ9FoqMk,provoke-seoul,provoke-seoul--hangar-2,2a9cf9eccdf6,,,,provoke Seoul!12
_cWIJ9FoqMk,provoke-seoul,provoke-seoul--bath,efde144938b0,,,,provoke Seoul!12
_cWIJ9FoqMk,provoke-seoul,provoke-seoul--chimneys,7515f32c054d,,,,provoke Seoul!12
flzPgFZlHTg,provoke-seoul,provoke-seoul--outside,3254ff50a707 ; 26522795674d,,,,provoke Seoul!13
flzPgFZlHTg,provoke-seoul,provoke-seoul--hallway,ca763b37efe5,,,,provoke Seoul!13
nYY5tz-PTzY,provoke-seoul,provoke-seoul--hallway,cc03751e01cf,,,,provoke Seoul!14
nYY5tz-PTzY,provoke-seoul,provoke-seoul--hangar,81268064deb3,,,,provoke Seoul!14
nYY5tz-PTzY,provoke-seoul,provoke-seoul--hangar-2,d34f83a95155,,,,provoke Seoul!14
Qr6HmcxI2s0,provoke-seoul,provoke-seoul--outside,ed0a5fd95053,,,,provoke Seoul!15
zuMam6-0NFc,provoke-seoul,provoke-seoul--outside,f191e4a9ac19 ; 8d26adf05454,,,,provoke Seoul!16
zuMam6-0NFc,provoke-seoul,provoke-seoul--hangar-2,0189d69c9642,,,,provoke Seoul!16
zuMam6-0NFc,provoke-seoul,provoke-seoul--bath,cdccf7fff9a1,,,,provoke Seoul!16
zuMam6-0NFc,provoke-seoul,provoke-seoul--chimneys,3a809dcf0579,,,,provoke Seoul!16
etjQd0wgUTo,provoke-seoul,provoke-seoul--outside,ac3a1d0e66e3 ; 27977110fb23,,,,provoke Seoul!17
etjQd0wgUTo,provoke-seoul,provoke-seoul--hallway,38587feb8c28,,,,provoke Seoul!17
etjQd0wgUTo,provoke-seoul,provoke-seoul--hangar-2,b39e9ead1f77,,,,provoke Seoul!17
n0j5NPptyM0,provoke-seoul,provoke-seoul--outside,b8d278b88a4e ; b1e3836599c4,,,,provoke Seoul!18
n0j5NPptyM0,provoke-seoul,provoke-seoul--hangar-2,cedb095dd09f,,,,provoke Seoul!18
A53rrCecxtM,provoke-seoul,provoke-seoul--outside,f06d272dc13f,,,,provoke Seoul!19
A53rrCecxtM,provoke-seoul,provoke-seoul--hallway,f766e4323518,,,,provoke Seoul!19
A53rrCecxtM,provoke-seoul,provoke-seoul--hangar,650e083c18f3,,,,provoke Seoul!19
KejJaqnggwc,provoke-seoul,provoke-seoul--outside,2170d918355f ; b7369d740e72,,,,provoke Seoul!20
KejJaqnggwc,provoke-seoul,provoke-seoul--hangar,433d648011ee,,,,provoke Seoul!20
KejJaqnggwc,provoke-seoul,provoke-seoul--stairs,b048468fc0b4,,,,provoke Seoul!20
-FT-UajbesM,provoke-seoul,provoke-seoul--outside,207fdcd4df44,,,,provoke Seoul!21
-FT-UajbesM,provoke-seoul,provoke-seoul--hangar,7a011c63c1cf,,,,provoke Seoul!21
-FT-UajbesM,provoke-seoul,provoke-seoul--hangar-2,859aa599485e,,,,provoke Seoul!21
IY3EflLx_9s,provoke-seoul,provoke-seoul--outside,7ef8dcfc5c07,,,,provoke Seoul!22
IY3EflLx_9s,provoke-seoul,provoke-seoul--hallway,02a5adbf9260,,,,provoke Seoul!22
IY3EflLx_9s,provoke-seoul,provoke-seoul--hangar,a5da8976979a,,,,provoke Seoul!22
IY3EflLx_9s,provoke-seoul,provoke-seoul--hangar-2,d5e06f915314,,,,provoke Seoul!22
Bn__3gkWBto,provoke-seoul,provoke-seoul--outside,812b599bb2be,,,,provoke Seoul!23
Bn__3gkWBto,provoke-seoul,provoke-seoul--hangar,9affa4229240,,,,provoke Seoul!23
Bn__3gkWBto,provoke-seoul,provoke-seoul--hangar-2,9898f37b21ee,,,,provoke Seoul!23
Vbne6s0e0rI,provoke-seoul,provoke-seoul--outside,48a104dfb425 ; 1248cf961931,,,,provoke Seoul!24
Vbne6s0e0rI,provoke-seoul,provoke-seoul--hallway,abf636df1b94,,,,provoke Seoul!24
Vbne6s0e0rI,provoke-seoul,provoke-seoul--hangar-2,64938b03ec03,,,,provoke Seoul!24
Vbne6s0e0rI,provoke-seoul,provoke-seoul--bath,8b7e480d22ee,,,,provoke Seoul!24
OOM4j8HGrB0,provoke-seoul,provoke-seoul--hangar-2,0f6912c8a9aa,,,,provoke Seoul!25
54UOZDwQDyw,provoke-seoul,provoke-seoul--outside,74ada83510eb ; 063a24bd9db3,58,,,provoke Seoul!26
54UOZDwQDyw,provoke-seoul,provoke-seoul--stairs,8a244d4f1de6,58,,,provoke Seoul!26
-qEC0JiAGuU,provoke-seoul,provoke-seoul--outside,698263a67ce1,,,,provoke Seoul!27
-qEC0JiAGuU,provoke-seoul,provoke-seoul--hangar,ead2b60ed672,,,,provoke Seoul!27
3iA5uHLF9xk,provoke-seoul,provoke-seoul--outside,e7d195a35838,,,,provoke Seoul!28
3iA5uHLF9xk,provoke-seoul,provoke-seoul--hangar-2,dd5c4f608a52,,,,provoke Seoul!28
tE4PviEbSgA,provoke-seoul,provoke-seoul--outside,49c78fed883b ; 48b693b1596d,,,,provoke Seoul!29
tE4PviEbSgA,provoke-seoul,provoke-seoul--hallway,2c9bb1d79757,,,,provoke Seoul!29
tE4PviEbSgA,provoke-seoul,provoke-seoul--hangar-2,e5e2594d0a29,,,,provoke Seoul!29
tE4PviEbSgA,provoke-seoul,provoke-seoul--stairs,46c7a879ba59,,,,provoke Seoul!29
tE4PviEbSgA,provoke-seoul,provoke-seoul--bath,17d2e00a1b08,,,,provoke Seoul!29
W7QJs7Fjl7Y,provoke-seoul,provoke-seoul--hangar-2,93fc337cd4e3,,,,provoke Seoul!30
jx5qRBdQ2hw,provoke-seoul,provoke-seoul--outside,515cbfb16c97 ; 6b025552cf61,,,,provoke Seoul!31
jx5qRBdQ2hw,provoke-seoul,provoke-seoul--stairs,9daa360f43a8,,,,provoke Seoul!31
qedonJosQ3g,grangar,,6a410fe4f897,,,,Grangar!2
A7gXSXm1Vvs,grangar,,f1443a57c6ed,,,,Grangar!3
z8Eu-HU0sWQ,grangar,,,,,,Grangar!4
czNpAdU9W7g,grangar,,,,,,Grangar!5
KRgbVo4OTKQ,grangar,,,,,,Grangar!6
b3GYcA7j5mg,grangar,,,,,,Grangar!7
eWACEO8l9KI,grangar,,,,,,Grangar!8
pgxBMYqZ92s,grangar,,,,,,Grangar!9
5U9_FjHELnY,grangar,,,,,,Grangar!10
2OJsgX3hva8,grangar,,,,,,Grangar!11
vPQasPdd6fI,grangar,,,,,,Grangar!12
XjkTVx9V5dE,grangar,,,,,,Grangar!13
oZQ-guD9BD8,grangar,,,,,,Grangar!14
_5XYcvm2hpg,grangar,,,,,,Grangar!15
5UdoUmvu_n8,grangar,,,,,,Grangar!16
OqVgOyrJsng,grangar,,,,,,Grangar!17
AWg20guw4pk,grangar,,,,,,Grangar!18
_ibx5tYExG4,grangar,,,,,,Grangar!19
B1J1lxqmd4w,grangar,,,,,,Grangar!20
2OjCMR8DGLg,grangar,,,,,,Grangar!21
uPA19tn79Xg,grangar,,,,,,Grangar!22
cBmyToXssjE,grangar,,,,,,Grangar!23
-1HI2yiZ8Lg,grangar,,,,,,Grangar!24
FeKWYTW8kj8,grangar,,,,,,Grangar!25
ipSUlGEfwCQ,grangar,,,,,,Grangar!26
jyyNk9iZVqc,grangar,,0dd0ad45288b,,,,Grangar!27
_ApV7Lm87cg,grangar,,3ac81654b21f,,,,Grangar!28
Hk1dquql4zg,grangar,,141ea9290f56,,,,Grangar!29
2R_S5TgDWMY,grangar,,02e9849a63ed,,,,Grangar!30
ieAyyfD6l7w,hangar-bazar-1,,c153e3fad484,,,,Hangar bazar!2
e6O84iYhtIg,hangar-bazar-2,,c84cb6823644,,,,Hangar bazar!5
UWoyeuwj9c0,hangar-bazar-2,,f68af13cf190,,,,Hangar bazar!6
bT2AMc8hI6A,hangar-bazar-2,,586da19e87b3 ; 7844a1c4fd5f,,,,Hangar bazar!7
AFJPFfnzZ7w,hangar-bazar-2,,92aa8a8ce947,,,,Hangar bazar!8
TSA9VZduuZ4,hangar-bazar-2,,e4dd4a80fe27 ; de93f0124824,,,,Hangar bazar!9
RlMg8FbcP7g,hangar-bazar-2,,c27eb09e584b ; 844eab70783b,,,,Hangar bazar!10
ByLrmZJ7VdI,hangar-bazar-2,,dff85bbb4910,,,,Hangar bazar!11
p4RIhcY7V3c,hangar-bazar-2,,6db0994254af ; 16380792d634 ; 28ccd7ef4db8,,,,Hangar bazar!12
ASekpYn6V8I,hangar-bazar-2,,eb1103b137ce ; 85b2b0016b18,,,,Hangar bazar!13
wMj3sLP_azg,hangar-bazar-2,,384e577f0c18 ; 834b4bca7c31,,,,Hangar bazar!14
jFMN68qg4rg,hangar-bazar-2,,86127951c096,,,,Hangar bazar!15
srWfDwiRVgQ,hangar-bazar-2,,72a04a87771d,,,,Hangar bazar!16
ZiqNCnyWIQ4,hangar-bazar-2,,b598fb0fb458,,,,Hangar bazar!17
JwCGWTZrfYY,hangar-bazar-2,,29f29d10bb7b ; c713b2ba222b ; 1f83d3cdebf3,,,,Hangar bazar!18
DsouXE31I6k,hangar-bazar-2,,16df6b43c221 ; 5b38b96c8c6f,,,,Hangar bazar!19
6DBCHAEhDIk,hangar-bazar-2,,3a1f9110f172 ; 836418d8a58d ; ca11838d0ada,,,,Hangar bazar!20
RMJFEvHvmD0,hangar-bazar-3,,a968ab12b269,,,,Hangar bazar!23
V8FXWf0s7K0,hangar-bazar-3,,26a63996327e ; cfc82a338cdb,,,,Hangar bazar!24
PXE2Ykf8fXQ,hangar-bazar-3,,7f52275e13be,,,,Hangar bazar!25
ECkZ2eKGyck,hangar-bazar-3,,e51eab9c4392 ; 135139a59cdb,,,,Hangar bazar!26
r53kfcRT-oQ,hangar-bazar-3,,f5e308191c15,,,,Hangar bazar!27
WgDRLNgzztU,hangar-bazar-3,,2f87fca47d2a,,,,Hangar bazar!28
4-ba6z64nlQ,hangar-bazar-3,,8f6108d5caa1,,,,Hangar bazar!29
1inY1P4Xn6Y,hangar-bazar-4,,2fdeff1407b7,,,,Hangar bazar!32
msOGCJC-EgI,hangar-bazar-4,,3cb3e65240c5,,,,Hangar bazar!33
pDT9AeSeLVs,hangar-bazar-5,,369b6e70ae72,,,,Hangar bazar!36
pNfTK39k55U,hangar-bazar-5,,b847877de4d4,,,,Hangar bazar!37
aKyt6Ahxwss,hangar-bazar-5,,793c9aafa57d,,,,Hangar bazar!38
3uTHwYslLgs,hangar-bazar-5,,fb85a18f036f,,,,Hangar bazar!39
9iV-RmWapk8,hangar-bazar-5,,375463be489f,,,,Hangar bazar!40
IV6yrrLyhCA,hangar-bazar-5,,09c3ba7c1089,,,,Hangar bazar!41
sswmsnPigDc,hangar-bazar-5,,2eac659cff50,,,,Hangar bazar!42
Q1JiptOTxno,hangar-bazar-5,,2c4eab879371,,,,Hangar bazar!43
-2fXwtgWYXg,quarries-1,,8af720b63db7,,,,Quarries!2
JkKNqaEl9Aw,quarries-1,,351afcb27d4e,,,,Quarries!3
6IFeGqSqrKs,quarries-1,,03d1818451ce,,,,Quarries!4
ts7-qWkpKYA,quarries-1,,689e9cd06e06,,,,Quarries!5
sadl9Ujgnms,quarries-2,,6f3d6baf8160,,,,Quarries!8
bXYcla36v_o,quarries-2,,6da6e7fbae3e,,,,Quarries!9
TJR0VM8jof0,quarries-3,,e2cff99fd4dd ; 84f498e2f93d,,,,Quarries!12
sadl9Ujgnms,quarries-3,,44827020697b,,,,Quarries!13
pBpr9TnhhkE,quarries-4,,52bbdb2fcc47,,,,Quarries!16
RPNaYj6etb8,465-21-mongsan-ri-nam-myeon-taean-gun-chungcheongnam-do-sout,465-21-mongsan-ri-nam-myeon-taean-gun-chungcheongnam-do-sout--spot-1,ab0d74d0772c,,,,Abandoned Park!2
RPNaYj6etb8,465-21-mongsan-ri-nam-myeon-taean-gun-chungcheongnam-do-sout,465-21-mongsan-ri-nam-myeon-taean-gun-chungcheongnam-do-sout--spot-3,dcd836d0362e,,,,Abandoned Park!2
RPNaYj6etb8,465-21-mongsan-ri-nam-myeon-taean-gun-chungcheongnam-do-sout,465-21-mongsan-ri-nam-myeon-taean-gun-chungcheongnam-do-sout--spot-4,ab8c2ee532ca,,,,Abandoned Park!2
G_BYjnopO6U,465-21-mongsan-ri-nam-myeon-taean-gun-chungcheongnam-do-sout,465-21-mongsan-ri-nam-myeon-taean-gun-chungcheongnam-do-sout--spot-1,1f2a97e8a5c3,,,,Abandoned Park!3
pyf8cbqyfPs,465-21-mongsan-ri-nam-myeon-taean-gun-chungcheongnam-do-sout,465-21-mongsan-ri-nam-myeon-taean-gun-chungcheongnam-do-sout--spot-1,277867041df9,,,,Abandoned Park!4
pyf8cbqyfPs,465-21-mongsan-ri-nam-myeon-taean-gun-chungcheongnam-do-sout,465-21-mongsan-ri-nam-myeon-taean-gun-chungcheongnam-do-sout--spot-2,4bc7611b76d6,,,,Abandoned Park!4
pyf8cbqyfPs,465-21-mongsan-ri-nam-myeon-taean-gun-chungcheongnam-do-sout,465-21-mongsan-ri-nam-myeon-taean-gun-chungcheongnam-do-sout--spot-3,bcdd3b5ca6a4,,,,Abandoned Park!4
pyf8cbqyfPs,465-21-mongsan-ri-nam-myeon-taean-gun-chungcheongnam-do-sout,465-21-mongsan-ri-nam-myeon-taean-gun-chungcheongnam-do-sout--spot-4,623805660178,,,,Abandoned Park!4
pyf8cbqyfPs,465-21-mongsan-ri-nam-myeon-taean-gun-chungcheongnam-do-sout,465-21-mongsan-ri-nam-myeon-taean-gun-chungcheongnam-do-sout--spot-5,6c3bf36ce8f5,,,,Abandoned Park!4
Ccz123Jlflc,465-21-mongsan-ri-nam-myeon-taean-gun-chungcheongnam-do-sout,465-21-mongsan-ri-nam-myeon-taean-gun-chungcheongnam-do-sout--spot-2,82a01ce9e4d8,,,,Abandoned Park!5
l8g_fKXpSNU,465-21-mongsan-ri-nam-myeon-taean-gun-chungcheongnam-do-sout,465-21-mongsan-ri-nam-myeon-taean-gun-chungcheongnam-do-sout--spot-1,b44f2a77cc33,,,,Abandoned Park!6
l8g_fKXpSNU,465-21-mongsan-ri-nam-myeon-taean-gun-chungcheongnam-do-sout,465-21-mongsan-ri-nam-myeon-taean-gun-chungcheongnam-do-sout--spot-2,aacde8bc5ae6,,,,Abandoned Park!6
l8g_fKXpSNU,465-21-mongsan-ri-nam-myeon-taean-gun-chungcheongnam-do-sout,465-21-mongsan-ri-nam-myeon-taean-gun-chungcheongnam-do-sout--spot-3,e810f696f4b4,,,,Abandoned Park!6
l8g_fKXpSNU,465-21-mongsan-ri-nam-myeon-taean-gun-chungcheongnam-do-sout,465-21-mongsan-ri-nam-myeon-taean-gun-chungcheongnam-do-sout--spot-5,b4663dbbfa10,,,,Abandoned Park!6
-GQg25oP0S4,465-21-mongsan-ri-nam-myeon-taean-gun-chungcheongnam-do-sout,465-21-mongsan-ri-nam-myeon-taean-gun-chungcheongnam-do-sout--spot-3,350459ad23a7,,,,Abandoned Park!7
Fc-fa6cAe2c,465-21-mongsan-ri-nam-myeon-taean-gun-chungcheongnam-do-sout,465-21-mongsan-ri-nam-myeon-taean-gun-chungcheongnam-do-sout--spot-2,19ba7026ad16,,,,Abandoned Park!8
3T4gA1-sAzI,465-21-mongsan-ri-nam-myeon-taean-gun-chungcheongnam-do-sout,465-21-mongsan-ri-nam-myeon-taean-gun-chungcheongnam-do-sout--spot-1,9ea6039ed071,,,,Abandoned Park!9
3T4gA1-sAzI,465-21-mongsan-ri-nam-myeon-taean-gun-chungcheongnam-do-sout,465-21-mongsan-ri-nam-myeon-taean-gun-chungcheongnam-do-sout--spot-2,9f0d1fc652f3,,,,Abandoned Park!9
3T4gA1-sAzI,465-21-mongsan-ri-nam-myeon-taean-gun-chungcheongnam-do-sout,465-21-mongsan-ri-nam-myeon-taean-gun-chungcheongnam-do-sout--spot-4,a167c3453fef,,,,Abandoned Park!9
UrZXzp2t91M,465-21-mongsan-ri-nam-myeon-taean-gun-chungcheongnam-do-sout,465-21-mongsan-ri-nam-myeon-taean-gun-chungcheongnam-do-sout--spot-1,b1cb4ae8d299,,,,Abandoned Park!10
UrZXzp2t91M,465-21-mongsan-ri-nam-myeon-taean-gun-chungcheongnam-do-sout,465-21-mongsan-ri-nam-myeon-taean-gun-chungcheongnam-do-sout--spot-2,1a45798d4aee,,,,Abandoned Park!10
UrZXzp2t91M,465-21-mongsan-ri-nam-myeon-taean-gun-chungcheongnam-do-sout,465-21-mongsan-ri-nam-myeon-taean-gun-chungcheongnam-do-sout--spot-4,1a292cd29772,,,,Abandoned Park!10
UrZXzp2t91M,465-21-mongsan-ri-nam-myeon-taean-gun-chungcheongnam-do-sout,465-21-mongsan-ri-nam-myeon-taean-gun-chungcheongnam-do-sout--spot-5,4646cb1d5dfd,,,,Abandoned Park!10
diBO0gMuTXo,465-21-mongsan-ri-nam-myeon-taean-gun-chungcheongnam-do-sout,465-21-mongsan-ri-nam-myeon-taean-gun-chungcheongnam-do-sout--spot-1,71e1fec94f21,,,,Abandoned Park!11
diBO0gMuTXo,465-21-mongsan-ri-nam-myeon-taean-gun-chungcheongnam-do-sout,465-21-mongsan-ri-nam-myeon-taean-gun-chungcheongnam-do-sout--spot-2,69651675d164,,,,Abandoned Park!11
Q7IFjVUUb_E,465-21-mongsan-ri-nam-myeon-taean-gun-chungcheongnam-do-sout,465-21-mongsan-ri-nam-myeon-taean-gun-chungcheongnam-do-sout--spot-4,eb317c681fb4,,,,Abandoned Park!12
1Qx6ktR3CEk,465-21-mongsan-ri-nam-myeon-taean-gun-chungcheongnam-do-sout,465-21-mongsan-ri-nam-myeon-taean-gun-chungcheongnam-do-sout--spot-2,f2c5f09f1981,,,,Abandoned Park!13
1Qx6ktR3CEk,465-21-mongsan-ri-nam-myeon-taean-gun-chungcheongnam-do-sout,465-21-mongsan-ri-nam-myeon-taean-gun-chungcheongnam-do-sout--spot-3,c6f669cef736,,,,Abandoned Park!13
LH0fh-JHQe0,abandoned-park-1,abandoned-park-1--spot-1,bb771f849da6,,,,Abandoned Park!16
mmDSxJxyxTw,abandoned-park-1,abandoned-park-1--spot-1,6a82c711dc5a,,,,Abandoned Park!17
9KRzvGfbqZg,abandoned-park-1,abandoned-park-1--spot-1,39951f6303d6,,,,Abandoned Park!18
-z3iyydFevQ,abandoned-park-1,abandoned-park-1--spot-1,7b5dd0f65ddc,,,,Abandoned Park!19
-z3iyydFevQ,abandoned-park-1,abandoned-park-1--spot-2,f2caac8345bf,,,,Abandoned Park!19
uD0yLUVtAvk,abandoned-park-1,abandoned-park-1--spot-1,d4439142c9e6,,,,Abandoned Park!20
uD0yLUVtAvk,abandoned-park-1,abandoned-park-1--spot-2,0b61febeda74,,,,Abandoned Park!20
L7HhTKJx0gU,abandoned-park-1,abandoned-park-1--spot-1,a74e8b243adc,,,,Abandoned Park!21
aHTI0SXGVS0,abandoned-park-2,,cf1ab4ddbc60,,,,Abandoned Park!24
tGMy0z1akLs,abandoned-park-2,,e5072cb3b636,,,,Abandoned Park!25
4PGX1ZYvzvo,abandoned-park-2,,94ea956941d5,,,,Abandoned Park!26
fXgmejO7vYM,abandoned-park-3,abandoned-park-3--spot-1,8271a29aadc9,,,,Abandoned Park!29
fXgmejO7vYM,abandoned-park-3,abandoned-park-3--spot-2,0665b2a62ae0,,,,Abandoned Park!29
fXgmejO7vYM,abandoned-park-3,abandoned-park-3--spot-3,dec2d769f78e,,,,Abandoned Park!29
HLRBf672RMs,abandoned-park-3,abandoned-park-3--spot-1,25aea7d13e5d,,,,Abandoned Park!30
HLRBf672RMs,abandoned-park-3,abandoned-park-3--spot-2,d9627c837f1b,,,,Abandoned Park!30
HLRBf672RMs,abandoned-park-3,abandoned-park-3--spot-3,415cf1dc75b3,,,,Abandoned Park!30
HLRBf672RMs,abandoned-park-3,abandoned-park-3--spot-4,3b2d89e85502,,,,Abandoned Park!30
4QZu2LyemL4,quatro-box,,98dfef655e60 ; a0e26a39f502,,,,Quatro Box!2
ZO3fNQhVEDo,quatro-box,,d2409a4f4595 ; 78b34089d5d5,,,,Quatro Box!3
x1U5koYxTYM,quatro-box,,9705bf73e2db ; ab0a923112c7,,,,Quatro Box!4
anGHYC3asc4,quatro-box,,76b7382698fd ; 73ad3eed7ce9,,,,Quatro Box!5
MlI5f90ZBPM,acres-space-subway,acres-space-subway--spot-1,2f4fc5a549b5,,,,Subway!2
MlI5f90ZBPM,acres-space-subway,acres-space-subway--spot-3,03f0dcdb078f,,,,Subway!2
vx_Odm5q_kQ,acres-space-subway,acres-space-subway--spot-1,b6ec0778c9cf,,,,Subway!3
vx_Odm5q_kQ,acres-space-subway,acres-space-subway--spot-2,525b8ac9b1d5,,,,Subway!3
vx_Odm5q_kQ,acres-space-subway,acres-space-subway--spot-3,9e544570d86d,,,,Subway!3
26TTuFQXEW4,acres-space-subway,acres-space-subway--spot-1,4449041c3609,,,,Subway!4
26TTuFQXEW4,acres-space-subway,acres-space-subway--spot-2,dc5741a5dc5f,,,,Subway!4
26TTuFQXEW4,acres-space-subway,acres-space-subway--spot-3,7abc4eab8f7e,,,,Subway!4
9g9NClV1z_w,acres-space-subway,acres-space-subway--spot-1,597088270da5,,,,Subway!5
9g9NClV1z_w,acres-space-subway,acres-space-subway--spot-2,94f1eb3efaa2,,,,Subway!5
9g9NClV1z_w,acres-space-subway,acres-space-subway--spot-3,7b475a0908e6,,,,Subway!5
SksA5JlCtI8,acres-space-subway,acres-space-subway--spot-1,15f068a6e366,,,,Subway!6
SksA5JlCtI8,acres-space-subway,acres-space-subway--spot-2,0648bab1cb35,,,,Subway!6
GkG60kISnfc,acres-space-subway,acres-space-subway--spot-1,ed5f14500507,,,,Subway!7
GkG60kISnfc,acres-space-subway,acres-space-subway--spot-3,92b87c20f70f,,,,Subway!7
eDSb9J1DJKc,acres-space-subway,acres-space-subway--spot-1,e436c26e226b,,,,Subway!8
eDSb9J1DJKc,acres-space-subway,acres-space-subway--spot-2,a99439ac1629,,,,Subway!8
eDSb9J1DJKc,acres-space-subway,acres-space-subway--spot-3,5012ea834f73,,,,Subway!8
iiHXtBLfMcw,acres-space-subway,acres-space-subway--spot-1,ed63a852ae72,,,,Subway!9
iiHXtBLfMcw,acres-space-subway,acres-space-subway--spot-2,3fa1f966ab04,,,,Subway!9
iiHXtBLfMcw,acres-space-subway,acres-space-subway--spot-3,f1600012ca1e,,,,Subway!9
x7wLlK9MMN4,acres-space-subway,acres-space-subway--spot-1,b9ef5fa8f8fd,,,,Subway!10
x7wLlK9MMN4,acres-space-subway,acres-space-subway--spot-2,3f48eb341daf,,,,Subway!10
x7wLlK9MMN4,acres-space-subway,acres-space-subway--spot-3,cf24a6767ef0,,,,Subway!10
4-ba6z64nlQ,acres-space-subway,acres-space-subway--spot-1,142f325cd55e,,,,Subway!11
4-ba6z64nlQ,acres-space-subway,acres-space-subway--spot-2,a61547ea58eb,,,,Subway!11
jOnLqqDRfY4,acres-space-subway,acres-space-subway--spot-1,3c3e118ed481,,,,Subway!12
jOnLqqDRfY4,acres-space-subway,acres-space-subway--spot-2,c26f04f480bc,,,,Subway!12
jOnLqqDRfY4,acres-space-subway,acres-space-subway--spot-3,e9d4ddb06f6a,,,,Subway!12
wWvu34x2INc,acres-space-subway,acres-space-subway--spot-1,6f7aa8498ca4,,,,Subway!13
wWvu34x2INc,acres-space-subway,acres-space-subway--spot-2,1bca4aa99b6c,,,,Subway!13
wWvu34x2INc,acres-space-subway,acres-space-subway--spot-3,1693f38c05dd,,,,Subway!13
kxa11rqAu1g,acres-space-subway,acres-space-subway--spot-2,3c8051de5b4d,,,,Subway!14
PIgmxjozeCU,acres-space-subway,acres-space-subway--spot-1,77afc6e01a39,,,,Subway!15
PIgmxjozeCU,acres-space-subway,acres-space-subway--spot-2,cbd7931f8761,,,,Subway!15
PIgmxjozeCU,acres-space-subway,acres-space-subway--spot-3,6acd3d539841,,,,Subway!15
2CsQyB-Psys,acres-space-subway,acres-space-subway--spot-1,c4ddbee463e2,,,,Subway!16
2CsQyB-Psys,acres-space-subway,acres-space-subway--spot-2,9d32e8078d01,,,,Subway!16
2CsQyB-Psys,acres-space-subway,acres-space-subway--spot-3,5bce41d3b133,,,,Subway!16
Fb8wqlOUink,acres-space-subway,acres-space-subway--spot-1,6a5a2af24926,,,,Subway!17
Fb8wqlOUink,acres-space-subway,acres-space-subway--spot-2,78bbbb654d40,,,,Subway!17
QqqrJle7dRA,acres-space-subway,acres-space-subway--spot-3,65b9fe016960,,,,Subway!18
L7HhTKJx0gU,acres-space-subway,acres-space-subway--spot-1,c59764c212cf,,,,Subway!19
L7HhTKJx0gU,acres-space-subway,acres-space-subway--spot-2,e0a481508109,,,,Subway!19
L7HhTKJx0gU,acres-space-subway,acres-space-subway--spot-3,45c8232d52e0,,,,Subway!19
ZEjlls0-4Ag,acres-space-subway,acres-space-subway--spot-1,c3eb07bf145d,,,,Subway!20
ZEjlls0-4Ag,acres-space-subway,acres-space-subway--spot-2,f5a55b9006e5,,,,Subway!20
ZEjlls0-4Ag,acres-space-subway,acres-space-subway--spot-3,ddc04db3c499,,,,Subway!20
d5bbqKYu51w,swimming-pools-1,,,,,,Swimming Pools!2
g36q0ZLvygQ,swimming-pools-2,,99d1f51c2fdb,,,,Swimming Pools!5
WFqGKa6p1V8,swimming-pools-3,,1def2cfb01bc,,,,Swimming Pools!8
hJ9Wp3PO3c8,swimming-pools-3,,1d4f8ca68c6e,,,,Swimming Pools!9
OgEwJ8a1OoY,swimming-pools-3,,7ee9dee870b3,,,,Swimming Pools!10
QqkLnNClpAQ,swimming-pools-4,,3d814d6a9b72,,,,Swimming Pools!13
aRBV86glZzE,4x4,,abe4d43e8174,,unsure,franchement pas sur du tout,4x4!2
KT2eWLnKkkg,4x4,,918e5660ab28,,,,4x4!3
lCTU5t465D4,4x4,,d2f48148d803,,,,4x4!4
0k2Zzkw_-0I,forest-of-wisdom,forest-of-wisdom--spot-1,941e12ce9f67,,,,Forest of Wisdom!2
daoMYJv8i0c,forest-of-wisdom,forest-of-wisdom--spot-1,dfccc92af25b,,,,Forest of Wisdom!3
63fgP_RJFN4,forest-of-wisdom,forest-of-wisdom--spot-1,91aa8c966a60,,,,Forest of Wisdom!4
63fgP_RJFN4,forest-of-wisdom,forest-of-wisdom--spot-2,65371fb5a6de,,,,Forest of Wisdom!4
D2-G60fuW_4,forest-of-wisdom,forest-of-wisdom--spot-1,0a0b5acaf29c,,,,Forest of Wisdom!5
mIy4ACKR1Ag,forest-of-wisdom,forest-of-wisdom--spot-2,f2aba44cd6ec,,,,Forest of Wisdom!6
sswmsnPigDc,royal-x,royal-x--spot-1,b009dd2b378f,,,,Royal X!2
nAvjYapdSxk,royal-x,royal-x--spot-1,110a6931d4b4,,,,Royal X!3
nAvjYapdSxk,royal-x,royal-x--spot-2,6bd040feb0a7,,,,Royal X!3
nAvjYapdSxk,royal-x,royal-x--spot-3,6455170aabf6,,,,Royal X!3
L8JKM16A500,royal-x,royal-x--spot-1,d4c3b1f0929e,,,,Royal X!4
L8JKM16A500,royal-x,royal-x--spot-2,03b69a54c130,,,,Royal X!4
L8JKM16A500,royal-x,royal-x--spot-3,2b19a2563493,,,,Royal X!4
kK4kGeB5mQs,royal-x,royal-x--spot-1,9586de7fd0a7,,,,Royal X!5
kK4kGeB5mQs,royal-x,royal-x--spot-3,252f83594b67,,,,Royal X!5
x7wLlK9MMN4,royal-x,royal-x--spot-2,e5d860f59609,,,,Royal X!6
wWvu34x2INc,royal-x,royal-x--spot-1,b0a6134250a4,,,,Royal X!7
wWvu34x2INc,royal-x,royal-x--spot-3,9d6d18c17c87,,,,Royal X!7
J-5Ei7oEA7w,tunnels,,,,,,Tunnels!3
RMJFEvHvmD0,tunnels,,,,,,Tunnels!4
OymA_K4qbKM,tunnels,,,,,,Tunnels!5
pNfTK39k55U,tunnels,,,,,,Tunnels!6
8F61FXiYpP0,tunnels,,524f8b97d3ac,,,,Tunnels!7
APjtMcVKIc0,tunnels,,bbce000f6a1d,,,,Tunnels!8
hsOXefkSfqM,concrete,,0839c09aa793,,,,Concrete!2
snuxiyo4AZE,concrete,,09e28ff1f4da,,,,Concrete!3
Nq7GZ6MAUP4,concrete,,a77c3f6e2e79,,,,Concrete!4
gSCWnilMudw,kyung-hee-university-grand-peace-palace,,aa3d1b1f7586,,,,Church Roof!2
zaYqW9s9Aok,kyung-hee-university-grand-peace-palace,,09a5db4b588f,,,,Church Roof!3
dfEyn_LikFU,kyung-hee-university-grand-peace-palace,,a98c88103c6f,,,,Church Roof!4
NQJgoA96fUY,kyung-hee-university-grand-peace-palace,,1e49e7ff671d,,,,Church Roof!5
kCSFdRf0210,kyung-hee-university-grand-peace-palace,,de433e3bafb7,,,,Church Roof!6
7R2MGUIz1sM,kyung-hee-university-grand-peace-palace,,daccae760199,,,,Church Roof!7
2zXg8CbymYc,arena,,30d6bb7dd07a,,,,Arena!2
It4HuJD49d4,arena,,c13da8fe1d63,,,,Arena!3
UsvoDgmfUwc,arena,,d4eee3cfb759,,,,Arena!4
zpSejlkSXLA,arena,,a3a6192969d8,,,,Arena!5
1UFrqePAB14,arena,,632d76fc6bd7,,,,Arena!6
x6ICoe6Ntnw,arena,,b1c74a70a8ff,,,,Arena!7
LhlHqzPUB5Y,arena,,376266f122e1,,,,Arena!8
MqzX9JAZ08U,인천내항-제8부두-주차장,,6fc0035eb77e,,,,Docks!2
MFTWTOAK-ho,인천내항-제8부두-주차장,,489bab3afee4,,,,Docks!3
c9pgKj9OF18,인천내항-제8부두-주차장,,df1dbc774bdd,,,,Docks!4
846cjX0ZTrk,docks-1,,d9357ffa5777,,,,Docks!7
0LiQp7y8Wwc,군산컨테이너터미널-주,,ce1a79c999ac,,,,Docks!10
x3eqqoZPV_E,docks-2,,4eee42a7ec0c,,,,Docks!13
aH0zux6WOM4,manchocheongyo,,7eca3c1fe133,,,,Bridges!2
UUjLMDHlnGg,manchocheongyo,,afa28f28dd23,,,,Bridges!3
o0oW3lPoOXM,manchocheongyo,,7009d711d247,,,,Bridges!4
xnwOfIiZ-zQ,manchocheongyo,,54eeaf681654,,,,Bridges!5
o1brijPEn9A,6th-street-viaduct,,e820b63a0b7a,,,,Bridges!8
zpSejlkSXLA,balcon,,,,,,Balcon!2
-R8uBMBlUyI,balcon,,,,,,Balcon!3
B_2pbkzSo2I,maison-1,,5ee5d51434b6,,,,Maison!2
ZSkzF0ucsLI,maison-2,,834a89600f8b,,,,Maison!4
LIDe-yTxda0,노매드원룸텔,,9ce3084d27f1,,,,꽂!2
Nu2yQ1zYDYU,노매드원룸텔,,f31dc03b51ce,,,,꽂!3
846cjX0ZTrk,노매드원룸텔,,303647994fba,,,,꽂!4
s-UXxaQdUew,streets-1,,dbc2d363c4b4,,,,Streets!2
ZYHBKvNUmk0,streets-1,,946e8c4f9102,,,,Streets!3
7UecFm_bSTU,streets-1,,d6408ab2c936,,,,Streets!4
9kpuOoIh3wU,streets-1,,72301a8c9aea,,,,Streets!5
KdOF5-h4qpw,streets-1,,ca63af7d289c,,,,Streets!6
Sz_wWzgh-vQ,streets-1,,af7efda4bbfa,,,,Streets!7
28dAfmIAlCo,streets-1,,249cb2d22660,,,,Streets!8
mIy4ACKR1Ag,streets-1,,7fe677689385,,,,Streets!9
88GkYKvnvvI,streets-2,,ccc6bccf3ec3,,,,Streets!11
Nqz4oh2jogE,interiors-1,,bb90d9cc5e5d,,,,Interiors!2
MtmsI3Iqra0,interiors-1,,0caf21798e55,,,,Interiors!3
R3YWaqJ-JL8,interiors-1,,87c85e52ac46,,,,Interiors!4
ZsYwEV_ge4Y,interiors-2,,36d72121a387,,,,Interiors!6
Nu2yQ1zYDYU,interiors-2,,e19cff5890e5,,,,Interiors!7
hpYjRaGwOKE,interiors-3,,3e5fe5843581,,,,Interiors!9
mqOf0x8H6wY,interiors-3,,3950f4192b75,,,,Interiors!10
YDImQKq1Ego,interiors-4,,df0169e78e51,,,,Interiors!12
8zT_ZXrsUVY,wave,,b0e09ff723e3,,,,Wave!2
xooQVGO9lkE,wave,,90e3f2c708bf,,,,Wave!3
sL0pCS6K9bc,wave,,e9de3875711e,,,,Wave!4
