artist_id,name,name_ko,video_count
1million,1MILLION,원밀리언,2
1verse,1VERSE,유니버스,1
2pm,2PM,,2
3piece,3piece,쓰리피스,1
3ye,3YE,써드아이,1
82major,82MAJOR,82메이저,1
8turn,8TURN,에잇턴,2
90tan,90TAN,구공탄,1
ab6ix,AB6IX,에이비식스,4
ablume,ablume,어블룸,1
aespa,aespa,에스파,3
ahof,AHOF,아홉,1
aimers,AIMERS,에이머스,3
alexa,AleXa,알렉사,3
alice,ALICE,앨리스,1
all-h-ours,ALL(H)OURS,올아워즈,3
allday-project,ALLDAY PROJECT,,2
apink,Apink,에이핑크,1
artms,ARTMS,,1
asc2nt,ASC2NT,어센트 1ST MINI ALBUM,2
ash-b,Ash-B,애쉬비,1
ateez,ATEEZ,에이티즈,6
aylah,Aylah,,1
b-i,B.I,비아이,1
b1a4,B1A4,,1
babymonster,BABYMONSTER,,3
bada-바다,BADA[바다],BADA[바다],1
bae173,BAE173,,1
bbe-yana,BBE YANA,베이비 야나,1
be-o,BE'O,비오,1
beatburger,BeatBurger,비트버거,1
bewhy,BewhY,비와이,1
bibi,BIBI,비비,1
billlie,Billlie,빌리,5
blitzers,BLITZERS,블리처스,2
boa,BoA,보아,1
bol4,BOL4,볼빨간사춘기,1
boy-story,BOY STORY,,2
bts,BTS,방탄소년단,1
burvey,BURVEY,,1
bvndit,BVNDIT,밴디트,2
camo,CAMO,,1
catch-the-young,CATCH THE YOUNG,캐치더영,1
chancellor,Chancellor,챈슬러,1
chanhyun,CHANHYUN,찬현,1
charismatic,Charismatic,,2
chil-label,Chil Label,,1
chung-ha,CHUNG HA,청하,2
cix,CIX,씨아이엑스,1
class-y,CLASS:y,클라씨,1
close-your-eyes,CLOSE YOUR EYES,,1
cocanbutter,CocaNButter,,1
cravity,CRAVITY,크래비티,3
craxy,CRAXY,크랙시,2
csr,CSR,첫사랑,2
dahye,Dahye,다혜,1
day6,DAY6,,1
desire-project-origin,Desire Project : ORIGIN,,1
dignity,DIGNITY,디그니티,1
djb-esim,DJB eSIM,,1
dkb,DKB,다크비,1
dkz,DKZ,,1
dreamcatcher,Dreamcatcher,드림캐쳐,3
dress,dress,,1
drippin,DRIPPIN,드리핀,2
drunken-tiger,Drunken Tiger,드렁큰타이거,1
dxmon,DXMON,다이몬,1
dxteen,DXTEEN,,1
eite,eite,,1
enhypen,ENHYPEN,엔하이픈,1
epex,EPEX,이펙스,6
everglow,EVERGLOW,에버글로우,1
evnne,EVNNE,이븐,3
exid,EXID,,1
exo,EXO,엑소,1
fantasy-boys,FANTASY BOYS,판타지 보이즈,1
fearless-trailer,FEARLESS TRAILER,,1
fifty-fifty,FIFTY FIFTY,피프티피프티,2
fleeky-bang,Fleeky Bang,,1
forestella,Forestella,포레스텔라,1
free-fire,Free Fire,,1
fromis-9,fromis_9,프로미스나인,5
g-i-dle,(G)I-DLE,(여자)아이들,3
gaho,Gaho,가호,1
genblue,GENBLUE,젠블루,1
gfriend,GFRIEND,여자친구,1
ghost9,GHOST9,고스트나인,1
girls-generation,Girls' Generation,소녀시대,2
got7,GOT7,,2
gracie,gracie,그레이시,1
greatguys,GreatGuys,멋진녀석들,1
gwsn,GWSN,공원소녀,1
halo,HALO,헤일로,1
han-yo-han,Han Yo Han,한요한,1
heart-of-woman,HEART OF WOMAN,하트오브우먼,1
hearts2hearts,Hearts2Hearts,하츠투하츠,2
heochanzo,HEOCHANZO,허찬조,1
hot-issue,HOT ISSUE,핫이슈,1
hwasa,HWASA,화사,2
hye,Hye,이달의 소녀/Olivia,1
hyo,HYO,효연,1
hyunjun,HYUNJUN,현준,1
ichillin,ICHILLIN,아이칠린,1
ifeye,ifeye,이프아이,1
iii,iii,,1
ikon,iKON,,1
illit,ILLIT,아일릿,2
ini,INI,,1
irene,IRENE,아이린,2
irris,IRRIS,아이리스,1
itzy,ITZY,,2
iu,IU,,1
ive,IVE,아이브,4
izna,izna,,1
izykite,Izykite,이지카이트,2
j-y-park,J.Y. Park,박진영,1
jade,Jade,,1
jang-wooyoung,Jang Wooyoung,,1
jaurim,Jaurim,자우림,1
jay-park,Jay Park,박재범,2
jeon-soyeon,JEON SOYEON,전소연,1
jerastar,JERASTAR,정혜선,1
jessi,Jessi,제시,1
jessica,JESSICA,제시카,1
jine,JinE,이진이,1
jini,JINI,지니,1
jinsoul,JinSoul,,1
jo-yuri,JO YURI,조유리,1
joohoney,JOOHONEY,주헌,1
juniel,JUNIEL,주니엘,1
just-b,JUST B,저스트비,1
kai,KAI,카이,2
kave,KAVE,,1
kcm,KCM,,1
kep1er,Kep1er,케플러,3
key,KEY,키,2
keyveatz,Keyveatz,키비츠,1
kid-milli,Kid Milli,키드밀리,2
kiiras,KIIRAS,키라스,1
kik5o,Kik5o,키코,1
kim-jae-joong,KIM JAE JOONG,김재중,1
kim-lip,Kim Lip,,1
kim-sejeong,KIM SEJEONG,김세정,1
kiss-of-life,KISS OF LIFE,키스오브라이프,2
la-poem,LA POEM,라포엠  LOVE DIVE,1
ladybounce,LADYBOUNCE,레이디바운스,1
le-sserafim,LE SSERAFIM,르세라핌,4
lee-chae-yeon,LEE CHAE YEON,이채연,1
lee-chaeyeon,LEE CHAEYEON,이채연,1
lee-dahye,Lee Dahye,이다혜,1
lee-mu-jin,LEE MU JIN,이무진,1
lil-moshpit,Lil Moshpit,,1
limelight,LIMELIGHT,,4
lisa,LISA,,1
lngshot,LNGSHOT,,1
loco,Loco,로꼬,1
loona,LOONA,이달의 소녀,2
loona-kim-lip,LOONA/Kim Lip,이달의 소녀/김립,1
loona-yves,LOONA/Yves,이달의 소녀/이브,1
loossemble,Loossemble,루셈블,1
lun8,LUN8,루네이트,3
madein,MADEIN,,1
makamaka,MAKAMAKA,,1
mamamoo,MAMAMOO,마마무,1
mark,MARK,마크,1
mavis,Mavis,,1
mc-hansai,MC haNsAi,MC한새,1
mckdaddy,Mckdaddy,,1
mcnd,MCND,엠씨엔디,1
mcnd-rive,#MCND_rive,,1
meovv,MEOVV,미야오,3
mimiirose,mimiirose,미미로즈,1
minho,MINHO,민호,1
minseo,MINSEO,민서,1
mirae,MIRAE,미래소년,3
misamo,MISAMO,,1
miya,MIYA,,1
miyeon,MIYEON,미연,1
modyssey,MODYSSEY,모디세이,1
momoland,MOMOLAND,모모랜드,1
monsta-x,MONSTA X,몬스타엑스,4
monstax,MONSTAX,몬스타엑스,1
moonbyul,MoonByul,문별,2
moong-myang,Moong myang,김뭉먕,1
mxm,MXM,,1
n-ssign,n.SSign,엔싸인,1
nam-woo-hyun,Nam Woo Hyun,남우현,1
narin,NARIN,나린,1
nature,NATURE,네이처,1
nayeon,NAYEON,,2
nct-127,NCT 127,엔시티,1
nct-2021,NCT 2021,엔시티,1
nct-dream,NCT DREAM,엔시티 드림,5
nct-u,NCT U,엔시티 유,1
nct-wish,NCT WISH,엔시티 위시,1
new-id,New:ID,뉴이드,1
newjeans,NewJeans,뉴진스,1
nexz,NEXZ,넥스지,5
nicole,Nicole,니콜,2
nmixx,NMIXX,엔믹스,3
nowadays,NOWADAYS,나우어데이즈,1
nowz,NOWZ,나우즈,1
ntx,NTX,엔티엑스,1
odd-youth,ODD YOUTH,오드유스,1
official-mv,*Official MV*,,1
one-pact,ONE PACT,원팩트,1
oneus,ONEUS,원어스,3
onew,ONEW,온유,1
onewe,ONEWE,원위,2
onf,ONF,온앤오프,2
ovan,OVAN,오반,1
p1harmony,P1Harmony,피원하모니,1
park-bom,PARK BOM,박봄,2
park-jihoon,PARK JIHOON,박지훈,1
pentagon,PENTAGON,펜타곤,2
pixy,PIXY,픽시,1
precious,PRECIOUS,프레셔스,1
primrose,PRIMROSE,프림로즈,1
pristin-v,PRISTIN V,프리스틴 V,1
purple-kiss,PURPLE KISS,퍼플키스,3
qman,qman,구만,2
queenz-eye,Queenz Eye,,2
qwer,QWER,,2
rain,RAIN,비,1
rainz,RAINZ,레인즈,1
ramengvrl,RAMENGVRL,,1
red-velvet,Red Velvet,레드벨벳,3
refund-sisters,REFUND SISTERS,환불원정대,1
rescene,RESCENE,리센느,6
rich-records,Rich Records,,1
rocket-punch-japan-1st-single,Rocket Punch Japan 1st Single,,1
rolling-quartz,Rolling Quartz,롤링쿼츠,1
rothy,Rothy,로시,2
ryeowook,RYEOWOOK,려욱,2
ryu-sujeong,Ryu Sujeong,류수정,1
sam-kim,Sam Kim,샘김,1
sana-melody-project,SANA MELODY PROJECT,,1
secret-number,SECRET NUMBER,,2
seulgi,SEULGI,슬기,1
seventeen,SEVENTEEN,세븐틴,3
sf9,SF9,에스에프나인,2
shinee,SHINee,샤이니,1
silica-gel,Silica Gel,실리카겔,1
skyle,SKYLE,스카이리,1
smorz,SMORZ,,1
solar,SOLAR,솔라,1
song-sohee,Song Sohee,송소희,2
soojin,SOOJIN,수진,1
sorn,SORN,,1
soya,SOYA,소야,1
stayc,STAYC,스테이씨,6
stray-kids,Stray Kids,,8
sub,SUB,,1
suen,Suen,수엔,1
suzy,Suzy,수지,1
swf2,SWF2,,1
switch,Switch,스위치,1
taeyang,TAEYANG,,1
taeyong,TAEYONG,태용,1
tan,TAN,티에이엔,2
team,TEAM,,1
tempest,TEMPEST,템페스트,1
ten,TEN,텐,2
the-8,THE 8,,1
the-boyz,THE BOYZ,더보이즈,2
the-kingdom,The KingDom,더킹덤,1
the-purge,The Purge,,1
the-rose,THE ROSE,,1
tiger-jk,Tiger JK,타이거 JK,1
tiot,TIOT,티아이오티,1
tnx,TNX,,1
toz,TOZ,티오지,1
treasure,TREASURE,,1
trendz,TRENDZ,트렌드지,3
tri-be,TRI.BE,,1
triples,tripleS,트리플에스,4
triples-visionary-vision,tripleS Visionary Vision,트리플에스,1
tunexx,TUNEXX,,1
twice,TWICE,,1
txt,TXT,투모로우바이투게더,6
u-know,U-KNOW,유노윤호,1
unchild,UNCHILD,언차일드,1
unis,UNIS,유니스,1
vanner,VANNER,배너,1
vav,VAV,브이에이브이,1
verivery,VERIVERY,,2
vernon,VERNON,,1
victon,VICTON,빅톤,1
viviz,VIVIZ,비비지,2
vixx,VIXX,빅스,1
waker,WAKER,,1
wayv,WayV,,2
we-na,We;Na,위나,1
weeekly,Weeekly,위클리,2
wei,WEi,위아이,2
weki-meki,Weki Meki,위키미키,2
whee-in,Whee In,휘인,2
wonjeong-department-store,WONJEONG DEPARTMENT STORE,원정백화점,1
woo-ah,woo!ah!,우아!,1
x-in,X:IN,엑신,1
xdinary-heroes,Xdinary Heroes,,1
xg,XG,,2
xikers,xikers,싸이커스,4
xiumin,XIUMIN,시우민,1
xlov,XLOV,엑스러브,1
yaochen,YAOCHEN,야오천,1
yerin,YERIN,예린,1
yng,Yng,,1
yoo-se-yoon,Yoo Se-Yoon,유세윤,1
yoon-san-ha,YOON SAN-HA,윤산하,1
yoon-seobin,Yoon Seobin,윤서빈,1
youha,YOUHA,유하,1
young-k,Young K,,2
young-posse,YOUNG POSSE,영파씨,1
youngtak,YOUNGTAK,영탁,1
zerobaseone,ZEROBASEONE,제로베이스원,2
zico,ZICO,지코,2
문별,문별,문별,1
사이먼-도미닉,사이먼 도미닉,사이먼 도미닉,1
시연,시연,시연,2
아-마음대로-다-된다,‘아 마음대로 다 된다!,‘아 마음대로 다 된다!,1
아슬x김완선,아슬x김완선,아슬x김완선,1
아이묭,아이묭,아이묭,1
안예은,안예은,안예은,1
여자친구,여자친구,여자친구,1
유현,유현,유현,1
이영지,이영지,이영지,1
이현우,이현우,이현우,1
잔나비-최정훈,잔나비 최정훈,잔나비 최정훈,1
초콜릿-과다복용-티모시-샬라메에게-혈당-스파이크,초콜릿 과다복용🍫 티모시 샬라메에게 혈당 스파이크😵‍💫,초콜릿 과다복용🍫 티모시 샬라메에게 혈당 스파이크😵‍💫,1
코드-쿤스트,코드 쿤스트,코드 쿤스트,1
푸마,푸마,푸마,1
후이,후이,후이,1
