location_id,name,name_source,identified,address,lat,lng,coords_source,maps_url,naver_url,website,instagram,reference_videos,photos,tags,source_rows,notes
아메티지-스튜디오,아메티지 스튜디오,sheet,yes,"South Korea, Gyeonggi-do, Yangju-si, Eunhyeon-myeon, Yongam-ri, 842-6 아메티지 스튜디오",37.853467,127.033355,google maps link,https://maps.app.goo.gl/ufonXKitY133kHSZ7,,https://www.ametage.com/space1.html,https://www.instagram.com/studio_ametage/,https://youtu.be/CojVB1aUDQw,ec22d8445c54,Ametage,Ametage!1,
콜롬버스-스튜디오,콜롬버스 스튜디오,sheet,yes,,37.697729,126.570402,google maps link,https://maps.app.goo.gl/th9o3HH71NLHgscFA,,https://www.columbus-studio.kr/HOME,https://www.instagram.com/columbus.studio/,,,Columbus,Columbus!1,
29-jiyeong-ro-100beon-gil-ilsandong-gu-goyang-si-gyeonggi-do,"29 Jiyeong-ro 100beon-gil, Ilsandong-gu, Goyang-si, Gyeonggi-do, South Korea",google maps,yes,29 Jiyeong-ro 100beon-gil,37.710247,126.824744,google maps link,https://maps.app.goo.gl/Rd2TfpJCnN9azQLu7,,https://www.columbus-studio.kr/studio_4th,,,,Columbus,Columbus!4,
columbus-spacerental-09,Columbus – spacerental_09,sub-header,yes,,,,,,,https://www.columbus-studio.kr/spacerental_09,,,,Columbus,Columbus!33,
columbus-spacerental-11,Columbus – spacerental_11,sub-header,yes,,,,,,,https://www.columbus-studio.kr/spacerental_11,,,,Columbus,Columbus!43,
columbus-spacerental-01,Columbus – spacerental_01,sub-header,yes,,,,,,,https://www.columbus-studio.kr/spacerental_01,,,,Columbus,Columbus!53,
columbus-1,Columbus #1,tab name,no,,,,,,,,,,,Columbus,Columbus!60,
mamago-마마고,MAMAGO / 마마고,sheet,yes,,37.599218,126.892481,sheet (DMS),https://maps.app.goo.gl/LELt4uXPHAt9R4Fo9,,https://www.mamago-info.com/,https://www.instagram.com/mamago_space,,,Mamago,Mamago!1,
mamago-피라미드,Mamago – 피라미드,sub-header,yes,,,,,,,https://www.mamago-info.com/%ED%99%8D%EC%B2%9C-%ED%94%BC%EB%9D%BC%EB%AF%B8%EB%93%9C,,,,Mamago,Mamago!4,
종로-낙원동-건국빌딩-주차타워,종로 낙원동 건국빌딩 주차타워,sheet,yes,,37.573718,126.987022,google maps link,https://maps.app.goo.gl/a2j6UUyHwHDtBM2x9,https://naver.me/5FeGRvV0,https://www.mamago-info.com/%EB%B3%B5%EC%A0%9C-%EC%82%BC%EC%84%B1%EB%8F%99-%ED%8D%BC%EC%8A%A4%ED%8A%B8-%EC%A3%BC%EC%B0%A8%ED%83%80%EC%9B%8C,,,,Mamago ; Parkings/Rooftops,Mamago!8,
mamago-와이키키s-와이키키h,Mamago – 와이키키S 와이키키H,sub-header,yes,,,,,,,https://www.mamago-info.com/%EB%B3%B5%EC%A0%9C-%EC%B6%A9%EC%A3%BC-%ED%8F%90%EC%88%98%EC%98%81%EC%9E%A5-1 ; https://www.mamago-info.com/%EB%B3%B5%EC%A0%9C-%EC%B6%A9%EC%A3%BC-%ED%8F%90%EC%88%98%EC%98%81%EC%9E%A5,,,,Mamago,Mamago!15,
copy-of-columbus,Copy of Columbus,tab name,no,,,,,,,,,,,,Copy of Columbus!2,
geobugseom,Geobugseom,sheet,yes,"330-5 Daesim-ri, Yangseo-myeon, Yangpyeong-gun, Gyeonggi-do, South Korea",37.506241,127.383608,google maps link,https://goo.gl/maps/hKn2rpbL9QNNYDHL6,,,https://www.instagram.com/p/C2M1ravLORd/?img_index=1,https://youtu.be/mULdzUBMHmw?list=PL8gB2L04hwPa8QAzKQqFaa1mDxqXbRj3c&t=191,,Geobug Island,Geobug Island!1,
geobug-island-1,Geobug Island #1,tab name,no,,,,,,,,,,,Geobug Island,Geobug Island!22,
abandoned-gimcheon-medical-school,Abandoned Gimcheon Medical School,sheet,yes,"Ogyul-ri, Eomo-myeon, Gimcheon-si, Gyeongsangbuk-do, South Korea",36.174353,128.109546,google maps link,https://goo.gl/maps/audesupCrsxAitC2A,,,,https://youtu.be/GZec5w7yvrQ,,Gimcheon campus,Gimcheon campus!1,
the-sharp-star-city,더샵스타시티 The Sharp Star City,sheet,yes,"262 Achasan-ro, Gwangjin-gu, Seoul, Corée du Sud",37.537559,127.07257,google maps link,https://maps.app.goo.gl/VvALASkVkmmr89Ad9,,,,https://youtu.be/o8F8anlwyk4,,Helipads,Helipads!1,
meet-you-all-tower-incheon,"Meet-You-All Tower, Incheon",sheet,yes,"12 Gaetbeol-ro, Yeonsu-gu, Incheon, Corée du Sud",37.381753,126.653421,google maps link,https://maps.app.goo.gl/BLmQgENgRgyHhMWh7,,,,,,Helipads,Helipads!4,
the-sharp-central-park-1st-condominium-complex,The Sharp Central Park 1st Condominium Complex,sheet,yes,,37.396786,126.637707,google maps link,https://maps.app.goo.gl/rMy3vnniye94x8Xi6 ; https://maps.app.goo.gl/WHXZfncyK1Nr1JSH7,,,,,,Helipads,Helipads!7,
namsan-central-xi,Namsan Central Xi,sheet,yes,"235 Toegye-ro, Jung-gu, Seoul, Corée du Sud",37.562497,126.997828,google maps link,https://maps.app.goo.gl/rKg39V29voi1Nvac8,,,,,,Helipads,Helipads!10,
boutique-monaco-museum,부띠크모나코뮤지엄 | Boutique Monaco Museum,sheet,yes,,37.497344,127.0247,google maps link,https://maps.app.goo.gl/jFqASkZNh1e8bsvy7 ; https://maps.app.goo.gl/Hz7vn66J7gaur7Ym9,,,,,,Helipads,Helipads!24,
ddmc,DDMC,sheet,yes,,37.578311,126.893228,google maps link,https://maps.app.goo.gl/LTkfmxuTuFA4E4uG8,https://naver.me/xfaRaFed,,,,,Helipads,Helipads!29,
mbc-dream-center,MBC Dream Center,sheet,yes,"596 Hosu-ro, Ilsandong-gu, Goyang-si, Gyeonggi-do, South Korea",37.655471,126.770649,google maps link,https://maps.app.goo.gl/RkfMKz675Sw9yELZA,,,,,,Helipads,Helipads!32,
u-s-bank-tower,U.S. Bank Tower,sheet,yes,"Los Angeles, CA 90071, USA",34.05108,-118.254353,google maps link,https://maps.app.goo.gl/RoTY2HgNpdUeLZyN6,,,,,,Helipads,Helipads!35,
helipads-1,Helipads #1,tab name,no,,,,,,,,,,,Helipads,Helipads!38,
helipads-2,Helipads #2,tab name,yes,,37.491233,126.923378,google maps link,https://maps.app.goo.gl/B9kV7np5R6QAZRK27,https://naver.me/FVPBBIW3,,,,,Helipads,Helipads!41,
sky-walk-residences,Sky Walk Residences,sheet,yes,,13.714481,100.593494,google maps link,https://maps.app.goo.gl/n4J4HaXnXMPZDhQf8,,,,,,Helipads,Helipads!44,
seupilo,Seupilo,sheet,yes,,37.521367,126.930733,google maps link,https://maps.app.goo.gl/C4UT1vPeaVjWyuRu7,https://naver.me/xecgarFd,,,,,Helipads,Helipads!48,
성수-생각공장-데시앙플렉스,성수 생각공장 데시앙플렉스,sheet,yes,,37.546486,127.065362,google maps link,https://maps.app.goo.gl/pntsnnjGt85VZius5,https://naver.me/GVAW2zPM,https://blog.naver.com/redmee2/223119207115,,,,Helipads,Helipads!51,
사명기획,사명기획,sheet,yes,,37.447997,126.622136,google maps link,https://maps.app.goo.gl/fqYJh7zy1xCt5LucA,https://naver.me/FLezHtxR,,,,,Parkings/Rooftops,Parkings/Rooftops!1,
parkings-rooftops-1,Parkings/Rooftops #1,tab name,no,,,,,,,,,,,Parkings/Rooftops,Parkings/Rooftops!14,
628-s-olive-st-los-angeles-ca-90014-usa,"628 S Olive St, Los Angeles, CA 90014, USA",google maps,yes,,34.047213,-118.254733,google maps link,https://maps.app.goo.gl/ju2UdK1BLyMk5KeF6,,,,,,Parkings/Rooftops,Parkings/Rooftops!16,
parkings-rooftops-2,Parkings/Rooftops #2,tab name,no,,,,,,,,,,,Parkings/Rooftops,Parkings/Rooftops!20,
parkings-rooftops-3,Parkings/Rooftops #3,tab name,yes,,37.530616,126.966195,google maps link,https://maps.app.goo.gl/4ofr187QqByKY1RH7,,,,,,Parkings/Rooftops,Parkings/Rooftops!28,
parkings-rooftops-4,Parkings/Rooftops #4,tab name,yes,,37.528942,126.965403,google maps link,https://maps.app.goo.gl/RLdQ4nCy55SrobyUA,,,,,,Parkings/Rooftops,Parkings/Rooftops!32,
parkings-rooftops-5,Parkings/Rooftops #5,tab name,no,,,,,,,,,,,Parkings/Rooftops,Parkings/Rooftops!37,
parkings-rooftops-6,Parkings/Rooftops #6,tab name,no,,,,,,,,,,,Parkings/Rooftops,Parkings/Rooftops!40,
parkings-rooftops-7,Parkings/Rooftops #7,tab name,yes,,37.543277,126.986832,google maps link,https://maps.app.goo.gl/49ucNqzDsAXDv8ti8,https://naver.me/GItGEgg8,,https://www.instagram.com/studioheal_/?img_index=1,,,Parkings/Rooftops ; Studio Heal,Parkings/Rooftops!42 ; Studio Heal!1,
현대-그리너리캠퍼스-별가람역-지식산업센터,현대 그리너리캠퍼스 별가람역 지식산업센터,sheet,yes,,37.663547,127.122688,google maps link,https://maps.app.goo.gl/Mbc2qUHES1dCe4Lp7,https://naver.me/IxsqpvU0,,,,,Parkings/Rooftops,Parkings/Rooftops!49,
kintex-1,KINTEX 1,sheet,yes,,37.668986,126.745887,google maps link,https://maps.app.goo.gl/JriQgEMvV3pcPkm87,,,,,,Parkings/Rooftops,Parkings/Rooftops!52,
영남공영주차장,영남공영주차장,sheet,yes,,37.519428,126.902617,google maps link,https://maps.app.goo.gl/GRfuK2F849LW3HKdA,https://naver.me/5ch7yZTH,,,,,Parkings/Rooftops,Parkings/Rooftops!56,
royal-jubilee-carousel,Royal Jubilee Carousel,sheet,yes,"199 Everland-ro, Yongin-si, Gyeonggi-do, South Korea",37.291742,127.199522,google maps link,https://maps.app.goo.gl/PwHwPb8HbThwfeoM8,,,,,,Everland,Everland!4,
kfc-용인에버랜드점,KFC 용인에버랜드점,google maps,yes,"Corée du Sud, Gyeonggi-do, Yongin-si, Pogok-eup, Everland-ro, 199 KR",37.292674,127.201622,google maps link,https://maps.app.goo.gl/EJ2ch8KgXKUuozBe8,,,,,,Everland,Everland!8,
lotte-world-tower,Lotte World Tower,sheet,yes,"300 Olympic-ro, Songpa District, Seoul, South Korea",37.512464,127.102543,google maps link,https://maps.app.goo.gl/DX9eXN1RTButz4Bp9,,,,,,Lotte World,Lotte World!1,
lotte-world,Lotte World,sheet,yes,"240 Olympic-ro, Songpa-gu, Seoul, South Korea",37.511116,127.098167,google maps link,https://maps.app.goo.gl/p4vvLDjoBHqbFbsb6,,,,https://youtu.be/OAJFSodkYGQ,,,Lotte World!5,
lotte-world-1,Lotte World #1,tab name,no,,,,,,,,,,,Lotte World,Lotte World!10,
lotte-world-2,Lotte World #2,tab name,no,,,,,,,,,,,Lotte World,Lotte World!13,
carwash-gas-station-1,Carwash/Gas Station #1,tab name,yes,"630-1 Sinwon-dong, Deogyang-gu, Goyang-si, Gyeonggi-do, Corée du Sud",37.670476,126.882058,address lookup (approximate),,,,,,,Carwash/Gas Station,Carwash/Gas Station!1,
자유로자동차극장,자유로자동차극장,sheet,yes,,37.834671,126.735057,google maps link,https://maps.app.goo.gl/hXeyy9u7PLPiUMpB6,https://naver.me/Fwn7kG2N,https://www.carmovie.co.kr/gallery,,,,Carwash/Gas Station,Carwash/Gas Station!5,
acres-space-gas-station,Acres Space – Gas Station,fix,yes,,37.814318,126.818106,google maps link,https://maps.app.goo.gl/8PKZ9vs2edN2t3Pe7,,https://www.acres-space.co.kr/gasstation_a ; https://www.acres-space.co.kr/GASSTATION_B,,,,Carwash/Gas Station ; Acres Space ; Columbus,Carwash/Gas Station!14,
four-aces-movie-ranch,Four Aces Movie Ranch,sheet,yes,"14499 E Ave Q, Palmdale, CA 93591, United States",34.587688,-117.871921,google maps link,https://maps.app.goo.gl/oH1e4ExYLfjsQfUG7,,https://www.4-aces.com/,,,,Carwash/Gas Station,Carwash/Gas Station!47,
provoke-seoul,provoke Seoul,sheet,yes,"87 Yeongsin-ro, Yeongdeungpo-gu, Seoul, South Korea",37.515725,126.901538,google maps link,https://maps.app.goo.gl/CQVwLvLWP7dhhko4A,,https://www.facebook.com/p/Provoke-Seoul-100064198025497/?locale=zh_TW,https://www.instagram.com/provokeseoul/?hl=en,,,,provoke Seoul!1,
grangar,Grangar,tab name,no,,,,,,,,,,,,Grangar!2,
hangar-bazar-1,Hangar bazar #1,tab name,no,,,,,,,,,,,Hangar bazar,Hangar bazar!2,
hangar-bazar-2,Hangar bazar #2,tab name,no,,,,,,,,,,,Hangar bazar,Hangar bazar!5,
hangar-bazar-3,Hangar bazar #3,tab name,no,,,,,,,,,,,Hangar bazar,Hangar bazar!23,
hangar-bazar-4,Hangar bazar #4,tab name,no,,,,,,,,,,,Hangar bazar,Hangar bazar!32,
hangar-bazar-5,Hangar bazar #5,tab name,no,,,,,,,,,,,Hangar bazar,Hangar bazar!36,
quarries-1,Quarries #1,tab name,no,,,,,,,,,,,Quarries,Quarries!2,
quarries-2,Quarries #2,tab name,no,,,,,,,,,,,Quarries,Quarries!8,
quarries-3,Quarries #3,tab name,no,,,,,,,,,,,Quarries,Quarries!12,
quarries-4,Quarries #4,tab name,no,,,,,,,,,,,Quarries,Quarries!16,
465-21-mongsan-ri-nam-myeon-taean-gun-chungcheongnam-do-sout,"465-21 Mongsan-ri, Nam-myeon, Taean-gun, Chungcheongnam-do, South Korea",google maps,yes,"465-21 Mongsan-ri, Nam-myeon, Taean-gun, Chungcheongnam-do, South Korea",36.697037,126.266502,google maps link,https://maps.app.goo.gl/ZLj2Da2inGr1jEkZ6,,,,https://youtu.be/vYNJDvvmNfY ; https://youtu.be/e8guOHlxBaM,,Abandoned Park,Abandoned Park!1,
abandoned-park-1,Abandoned Park #1,tab name,no,,,,,,,,,,,Abandoned Park,Abandoned Park!16,
abandoned-park-2,Abandoned Park #2,tab name,no,,,,,,,,,,,Abandoned Park,Abandoned Park!24,
abandoned-park-3,Abandoned Park #3,tab name,no,,,,,,,,,,,Abandoned Park,Abandoned Park!29,
quatro-box,Quatro Box,sheet,yes,"404 Gyoha-ro, Paju-si, Gyeonggi-do, Corée du Sud",37.707275,126.73322,google maps link,https://maps.app.goo.gl/pvufYQxzyT5CNh8f6,,,,,,,Quatro Box!1,
acres-space-subway,Acres Space – Subway,fix,yes,,37.697729,126.570402,google maps link,https://maps.app.goo.gl/PWHQDLhbswSk9x3P7,,https://www.acres-space.co.kr/SUBWAY,,,,Subway ; Acres Space ; Columbus,Subway!1,
swimming-pools-1,Swimming Pools #1,tab name,no,,,,,,,,,,,Swimming Pools,Swimming Pools!2,
swimming-pools-2,Swimming Pools #2,tab name,no,,,,,,,,,,,Swimming Pools,Swimming Pools!5,
swimming-pools-3,Swimming Pools #3,tab name,no,,,,,,,,,,,Swimming Pools,Swimming Pools!8,
swimming-pools-4,Swimming Pools #4,tab name,no,,,,,,,,,,,Swimming Pools,Swimming Pools!13,
4x4,4x4,tab name,no,,,,,,,,,,,,4x4!2,
forest-of-wisdom,Forest of Wisdom,tab name,no,,,,,,,https://bookcity.or.kr/en/sub_03_1.php,,,,,Forest of Wisdom!1,
royal-x,ROYAL X,google maps,yes,,37.171317,126.887725,google maps link,https://maps.app.goo.gl/jAGdvEZXf9TAdBDL6,https://naver.me/xyTaVmvn,,,,,Royal X,Royal X!1,
tunnels,Tunnels,tab name,no,,,,,,,,,,,,Tunnels!2,
concrete,Concrete,tab name,no,,,,,,,,,https://youtu.be/CwEOH6osrIc,,,Concrete!1,
kyung-hee-university-grand-peace-palace,Kyung Hee University Grand Peace Palace,sheet,yes,"Hoegi-dong, Dongdaemun District, Seoul, South Korea",37.598647,127.052752,google maps link,https://maps.app.goo.gl/aJVidmKGiYmRxGTC9,,,,,,Church Roof,Church Roof!1,
arena,Arena,tab name,no,,,,,,,,,,,,Arena!2,
인천내항-제8부두-주차장,인천내항 제8부두 주차장,sheet,yes,,37.476439,126.613536,google maps link,https://maps.app.goo.gl/uxRRuSXU66fGK1wj9,https://naver.me/FcautWSW,,,,,Docks,Docks!1,
docks-1,Docks #1,tab name,yes,,37.562186,126.598767,google maps link,https://maps.app.goo.gl/EJvZpxRrMKwM6PjM7,,,,,,Docks,Docks!6,
군산컨테이너터미널-주,군산컨테이너터미널(주),sheet,yes,,35.973665,126.559247,google maps link,https://maps.app.goo.gl/HAWm3eupkPsDd7jV9,https://naver.me/GxOF8tXl,,,,,Docks,Docks!9,
docks-2,Docks #2,tab name,no,,,,,,,,,,,Docks,Docks!13,
manchocheongyo,Manchocheongyo,sheet,yes,,37.529807,126.951548,google maps link,https://maps.app.goo.gl/HFjwCus35wEVxdBB6,https://naver.me/5vcGESbB,,,,,Bridges,Bridges!1,
6th-street-viaduct,6th Street Viaduct,sheet,yes,,34.038533,-118.228127,google maps link,https://maps.app.goo.gl/wYsPwSrYJGJE5ZWn8,,,,,,Bridges,Bridges!7,
balcon,Balcon,tab name,no,,,,,,,,,,,,Balcon!2,
maison-1,Maison #1,tab name,no,,,,,,,,,,,Maison,Maison!2,
maison-2,Maison #2,tab name,no,,,,,,,,,,,Maison,Maison!4,
노매드원룸텔,노매드원룸텔,sheet,yes,"South Korea, Seoul, Jung District, Toegye-ro, 217 진양상가 17층",37.561921,126.995909,google maps link,https://maps.app.goo.gl/zQX9bX6VstH8utXc7,,,,,735c1be073c4,꽂,꽂!1,
streets-1,Streets #1,tab name,no,,,,,,,,,,,Streets,Streets!2,
streets-2,Streets #2,tab name,no,,,,,,,,,,,Streets,Streets!11,
interiors-1,Interiors #1,tab name,no,,,,,,,,,,,Interiors,Interiors!2,
interiors-2,Interiors #2,tab name,no,,,,,,,,,,,Interiors,Interiors!6,
interiors-3,Interiors #3,tab name,no,,,,,,,,,,,Interiors,Interiors!9,
interiors-4,Interiors #4,tab name,no,,,,,,,,,,,Interiors,Interiors!12,
wave,Wave,tab name,no,,,,,,,,,,,,Wave!2,
