media_id,width,height,full_bytes,thumb_bytes
003f2b2d28ff,1920,1080,210656,21726
006052d47a5f,1920,1080,177610,18888
00899ffb24a3,1920,1080,132682,16618
01045588b807,1920,1080,115586,11006
01236490e164,1920,1080,196896,10302
0189d69c9642,1920,1080,65038,8160
01b333aa737f,1920,1080,54590,9408
0269e2e571a8,1920,1080,240782,21414
029c3074110c,1920,1080,120164,15426
02a5adbf9260,1920,1080,43438,7052
02e9849a63ed,1920,1080,101790,15298
03b69a54c130,1920,1080,116076,15918
03d1818451ce,1920,1080,142568,15816
03e90b4dd71b,1920,1080,125350,16288
03f0dcdb078f,1920,1080,59280,6436
046291cb70dc,1920,1080,107468,14408
04bea6c4db26,1920,1080,128342,17782
0574b01e337c,1920,1080,135988,15036
063a24bd9db3,1920,1080,169990,20286
0648bab1cb35,1920,1080,136210,16172
0665b2a62ae0,1920,1080,29578,4080
06e1a4d96042,1920,1080,103124,15364
07e5a7335b7a,1920,1080,35100,4038
07fbbdd68af9,1920,1080,75002,10796
08259b5c2e25,1920,1080,39732,5306
0839c09aa793,1920,1080,64588,7538
08f06aefea4b,1920,1080,51738,9122
0951444209ab,1920,1080,89826,9328
09867948af1f,1920,1080,119778,14392
0992931a7956,1920,1080,149910,18026
09a5db4b588f,1920,1080,170240,20554
09b07d59cfbe,1920,1080,50172,6336
09c3ba7c1089,1920,1080,140946,19522
09cc03cc76bd,1920,1080,82578,12418
09e28ff1f4da,1920,1080,42928,5634
0a0b5acaf29c,1920,1080,69636,6184
0a3eff73b035,1920,1080,107624,15022
0a640578526a,1920,1080,183338,10654
0b2be10958cf,1920,1080,219554,24056
0b554362e716,1920,1080,71632,10280
0b575195018a,1920,1080,112792,14592
0b61febeda74,1920,1080,70384,4830
0be5ef019ac2,1920,1080,142186,14928
0c81f4e39298,1920,1080,47906,6882
0cab4046efca,1920,1080,182244,20890
0cabecd8bd61,1920,1080,83378,9214
0caf21798e55,1920,1080,95600,13718
0d733c8d00cf,1920,1080,81902,10156
0dd0ad45288b,1920,1080,90586,11750
0e686c43074c,1920,1080,56698,8508
0ec951ceca8e,1920,1080,192366,17636
0f6912c8a9aa,1920,1080,37040,6056
0ff29d7ed17c,1920,1080,75570,10292
0ffdaeb9d771,1920,1080,102842,13144
104b740e03c5,1920,1080,73180,10204
110a6931d4b4,1920,1080,146292,13954
11c45fccc610,1920,1080,38024,4650
11f92d7ea4ad,1920,1080,169216,17198
1248cf961931,1920,1080,98792,12832
125ea71ea8f5,1920,1080,72704,8318
1298fa941f5a,1920,1080,223766,25608
134a74335384,1920,1080,79912,10748
135139a59cdb,1920,1080,50282,8362
139aa9b27a4e,1920,1080,59444,5756
141ea9290f56,1920,1080,73754,11238
142f325cd55e,1920,1080,78272,10920
15833a8a0628,2048,1448,1037746,40466
15882e25d60e,1920,1080,66340,7402
15f068a6e366,1920,1080,134970,15794
16380792d634,1920,1080,81566,11802
1693f38c05dd,1920,1080,84446,11924
16df6b43c221,1920,1080,51822,8508
17d2e00a1b08,1920,1080,30848,3912
17d9d9001097,1920,1080,98084,11174
1867a62ac405,1920,1080,138366,19784
186f0aa65f5a,1920,1080,114562,15092
18f9622ff450,1920,1080,104768,11324
19544100c9c9,1920,1080,84754,11952
19687d35f657,1920,1080,47706,5990
19ba7026ad16,1920,1080,81002,12386
1a292cd29772,1920,1080,40258,4680
1a45798d4aee,1920,1080,72860,10112
1aabf2f1c169,1920,1080,21816,3072
1bca4aa99b6c,1920,1080,131252,15868
1c19c7408366,1920,1080,130078,17104
1c6d47f5b7b7,1920,1080,105990,12484
1c9fca78bf6f,1920,1080,189808,24768
1d0349b80f7d,1920,1080,84030,11944
1d161a66f3a8,1920,1080,65324,9786
1d4f8ca68c6e,1920,1080,62778,8272
1d597d91aeb1,1920,1080,211518,16886
1dd87361f7bb,1920,1080,66158,8500
1def2cfb01bc,1920,1080,124014,16090
1e1556d21a8f,1920,1080,239232,23616
1e49e7ff671d,1920,1080,148302,15414
1ec3767f59d6,1920,1080,67472,8412
1f2a97e8a5c3,1920,1080,54578,7896
1f32be89e130,1920,1080,54500,7818
1f813050d33d,1920,1080,71378,7430
1f83d3cdebf3,1920,1080,106172,13540
207fdcd4df44,1920,1080,136010,14138
20853b5c2b57,1920,1080,155132,20254
20ee3cfa0517,1920,1080,39018,6046
213147403f15,1920,1080,195476,17592
214b49baec8a,1920,1080,58428,9590
2170d918355f,1920,1080,50760,6494
21a4ccd20b32,1920,1080,95116,10480
2484857b9a2d,1920,1080,49514,6954
2484a5dde96f,1920,1080,71608,8470
249cb2d22660,1920,1080,242356,22958
24b71b38b6ab,1920,1080,256812,18800
24ba3d79f160,1920,1080,85442,10884
251a4bffbba4,1920,1080,24014,2818
252ae69b87ed,1920,1080,142632,19424
252f83594b67,1920,1080,116628,9870
25aea7d13e5d,1920,1080,157200,17290
25d414ed11f1,1920,1080,55756,7564
264bf5ef48f9,1920,1080,73478,10202
26522795674d,1920,1080,60168,7042
26a594b44283,1920,1080,92522,13602
26a63996327e,1920,1080,199824,25044
2710c8ffd685,1920,1080,109504,11346
277867041df9,1920,1080,126838,15042
27977110fb23,1920,1080,93922,12832
27f0559575e8,1920,1080,134948,17252
28124466abc2,1920,1080,56408,8538
28ccd7ef4db8,1920,1080,108242,15384
29f29d10bb7b,1920,1080,117686,13528
2a18791129bd,1920,1080,63608,7972
2a56d22d40eb,1920,1080,112122,5554
2a7da10bae68,1920,1080,43546,6582
2a9cf9eccdf6,1920,1080,65578,8858
2ae47ec9d938,1920,1080,128086,16648
2ae90607e486,1920,1080,120838,15970
2b19a2563493,1920,1080,304462,17790
2b296568d536,1920,1080,68572,7496
2bb00bd6f346,1920,1080,87910,7766
2bd9db35ef97,1920,1080,103382,11598
2be44e52ea90,1920,1080,75572,9182
2c4d02785523,1920,1080,166302,16980
2c4eab879371,1920,1079,115676,13998
2c9bb1d79757,1920,1080,35030,5624
2d51fd477157,1920,1080,49254,4462
2d598ae2b34c,1920,1080,82816,10706
2d971a2d00b7,1920,1080,76254,10942
2df8c4c4c406,1920,1080,111090,14696
2dfa63bee07d,1920,1080,83058,9982
2e172c768306,1920,1080,28022,4478
2eac659cff50,1920,1080,47050,5218
2eed5350676f,1920,1080,99128,11902
2f4fc5a549b5,1920,1080,141946,15138
2f7425bc0d90,1920,1080,115840,9420
2f87fca47d2a,1920,1080,81854,10408
2f93902a651b,1920,1080,79318,13404
2fb68cb88c14,1920,1080,69356,8804
2fbd631e21a0,1920,1080,94232,13824
2fdeff1407b7,1920,1080,181142,18040
303647994fba,1920,1080,33260,5460
30b971984a41,1920,1080,231414,17456
30d279799cb3,1920,1080,79240,12794
30d6bb7dd07a,1920,1080,178056,28582
31b74d35beb8,1920,1080,50438,7220
31c092ecd132,1920,1080,159052,19978
3254ff50a707,1920,1080,59372,6362
32d526b26c1f,1920,1080,108176,11638
333d27259c47,1920,1080,88146,13778
334dada993ef,1920,1080,128892,13672
33a0b5f73880,1920,1080,183456,12746
33a392018d69,1920,1080,69088,10820
3424d0cdf8c4,1920,1080,102692,12022
350459ad23a7,1920,1080,114918,16866
35049df64eea,1920,1080,79928,10562
351afcb27d4e,1920,1080,208402,16544
35221df65613,1920,1080,89478,12968
35b96d705b94,1920,1080,72744,7668
35c204001d22,1920,1080,43610,6332
368ff797fc65,1920,1080,118164,17986
36972e9c2e91,1920,1080,136946,18584
369b6e70ae72,1920,1080,136050,13496
36b84f5fa24e,1920,1080,284736,23542
36c26d42b69f,1920,1080,31638,5196
36d72121a387,1920,1080,80790,12466
375463be489f,1920,1080,144012,17256
376266f122e1,1920,1080,378286,37562
37b945bab129,1920,1080,76118,7616
384e577f0c18,1920,1080,138258,21420
38587feb8c28,1920,1080,39578,6110
3950f4192b75,1920,1080,148098,24414
395af0d89601,1920,1080,55834,6494
39951f6303d6,1920,1080,138798,20326
3a1f9110f172,1920,1080,137352,18056
3a3ea8b37986,1920,1080,138562,13804
3a809dcf0579,1920,1080,116472,15508
3ac81654b21f,1920,1080,93144,12690
3b2d89e85502,1920,1080,115256,17406
3b55939ed02c,1920,1080,152466,18912
3c337ce93635,1920,1080,81748,9426
3c3e118ed481,1920,1080,76712,10614
3c8051de5b4d,1920,1080,36980,5452
3cb3e65240c5,1920,1080,202756,19940
3d42fdb135e6,1920,1080,110370,11762
3d814d6a9b72,1920,1080,44398,5470
3dc01bebb54d,1920,1080,79262,10376
3e155de8eddd,1920,1080,33192,4826
3e313c1920c3,1920,1080,87806,10316
3e5fe5843581,1920,1080,113282,18834
3eae367c7b7e,1920,1080,132018,15310
3ed0034b7aa0,1920,1080,297728,23850
3efab87a9d02,1920,1080,49080,7040
3f48eb341daf,1920,1080,101110,14606
3f9664b72289,1920,1080,126876,19628
3fa1f966ab04,1920,1080,57148,6806
3fdda0594685,1920,1080,55146,7580
400af340bc7e,1920,1080,185230,17152
405f7ed58ff3,1920,1080,63688,9486
40667412eaf2,1920,1080,103484,15484
40673c677491,1920,1080,211268,18366
415cf1dc75b3,1920,1080,203436,17544
41b5f0f0307a,1920,1080,91998,10688
421fd3e038dd,1920,1080,139746,13256
424fe95ae02e,1920,1080,268314,26206
428ce3d35803,1920,1080,105776,12350
42fd825cdd29,1920,1080,89368,12528
433d648011ee,1920,1080,77170,11284
43953cfb740d,1920,1080,24324,3492
439b110a6db0,1920,1080,41436,6946
43b9e7b34517,1920,1080,99836,14732
4449041c3609,1920,1080,134538,18834
44827020697b,1920,1080,68066,7528
44acfda0530c,1920,1080,171988,15746
454d36533225,1920,1080,92792,11712
455ae28306df,1920,1080,94216,13946
45a8e466031f,1920,1080,94042,11580
45c8232d52e0,1920,1080,130258,8540
45ed5eaa16d4,1920,1080,122620,14058
4646cb1d5dfd,1920,1080,45682,2656
46c7a879ba59,1920,1080,28640,4242
4770047d9a45,1920,1080,99612,12508
47b84348a476,1920,1080,56146,8290
480503406ebc,1920,1080,69080,10716
489bab3afee4,1920,1080,77062,7616
48a104dfb425,1920,1080,145568,14026
48b693b1596d,1920,1080,44752,6116
49c78fed883b,1920,1080,53908,6796
4a85e336c7fe,1920,1080,75070,10186
4a8db8a5688b,1920,1080,35432,5310
4af5178b76e2,1920,1080,121598,14350
4b0ed373677b,1920,1080,249704,23298
4bc7611b76d6,1920,1080,31668,4890
4c60de164f18,1920,1080,81286,10822
4c981d9017c8,1920,1080,193388,18344
4ca4e1a4b3f2,1920,1080,92302,11026
4e40ecc3ac88,1920,1080,296942,21622
4eb8f0d3d149,1920,1080,232396,15736
4eee42a7ec0c,1920,1080,112930,15218
4ef7ab4741ca,1920,1080,232420,23900
4f672f708d92,1920,1080,65506,7464
4f8ed10d7f15,1920,1080,231212,18132
5012ea834f73,1920,1080,112146,7246
5014832b2f98,1920,1080,143392,20840
50fba357be2b,1920,1080,122168,14200
51347370c15c,1920,1080,101512,13452
515cbfb16c97,1920,1080,53976,7454
524f8b97d3ac,1920,1080,69218,10282
525b8ac9b1d5,1920,1080,81788,10030
52bbdb2fcc47,1920,1080,290738,27938
53191fc1dba7,1920,1080,126624,19170
537ab1233832,1920,1080,67062,9964
537bfa4ef097,1920,1080,80200,12246
53dfd3dcdf7a,1920,1080,47166,7534
54dbfd8b1ca7,1920,1080,106276,10014
54eeaf681654,1920,1080,82656,11376
5573f7776a3b,1920,1080,225958,23848
559b0f7007df,1920,1080,34062,4964
56ec81817f52,1920,1080,186146,17458
5735730e9bd2,1920,1080,188170,19716
575b0526e616,1920,1080,58586,8216
578bb8c26ec8,1920,1080,52028,5976
5825dae7aafb,1920,1080,96496,15802
586da19e87b3,1920,1080,157118,20064
588fa86cb655,1920,1080,51864,8022
58bf9295ba73,1920,1080,80002,11720
59096eb5374e,1920,1080,81200,6892
591ba9aed6a2,1920,1080,27064,3918
5922ccc653fe,1920,1080,30508,4394
594febb99e72,1920,1080,179808,14368
597088270da5,1920,1080,97208,6448
599ad1847f8a,1920,1080,171554,24446
59a42cdc62c3,1920,1080,126170,15456
59e944ff205e,1920,1080,168358,20178
5a0991f9f9db,1920,1080,66938,9700
5a48b213b56e,1920,1080,116840,11208
5b38b96c8c6f,1920,1080,78846,11052
5b6679786549,1920,1080,148000,17308
5bce41d3b133,1920,1080,47374,5730
5d306ee74979,1920,1080,163806,19190
5e45764e954a,1920,1080,29780,4076
5e530a70c592,1920,1080,49968,6840
5ee5d51434b6,1920,1080,199314,20340
5eecd8028226,1920,1080,151536,14212
5efb433eab5c,1920,1080,91434,11496
5f2227a8b00d,1920,1080,234530,19280
5f98af9a1727,1920,1080,119520,12334
5ff0a0926b76,1920,1080,33304,4246
60e53db71315,1920,1080,119320,17492
60fdbe1441b7,1920,1080,67590,6760
61652e3cd053,1920,1080,47220,6364
61e0edeb9258,1920,1080,93534,11016
61e21f0c3ced,1920,1080,100490,14606
623805660178,1920,1080,158162,19076
62fb51e7eea1,1920,1080,83922,10380
632d76fc6bd7,1920,1080,359996,33416
63dda51a15f9,1920,1080,73914,11116
6406bb3f0450,1920,1080,55702,6960
6455170aabf6,1920,1080,93410,8432
6461981b7551,1920,1080,54256,7460
64938b03ec03,1920,1080,132408,14450
64ae3bd9ed0b,1920,1080,108208,14454
650e083c18f3,1920,1080,29016,4738
65371fb5a6de,1920,1080,59624,7830
65b9fe016960,1920,1080,48154,6408
660e9354799e,1920,1080,92996,12714
668966777842,1920,1080,54260,8860
67c2de76a33c,1920,1080,128154,15022
689e9cd06e06,1920,1080,212796,21138
68b87fcf2aca,1920,1080,65282,8234
68edad91602a,1920,1080,43336,5610
695aedb204a9,1920,1080,150196,15720
6962fb99eef3,1920,1080,91978,11404
69651675d164,1920,1080,77268,9632
698263a67ce1,1920,1080,106204,10026
6a410fe4f897,1920,1080,101430,13330
6a5a2af24926,1920,1080,112262,13488
6a82c711dc5a,1920,1080,125724,13870
6aa11a5f4fb9,1920,1080,24946,3202
6acd3d539841,1920,1080,52650,6724
6b025552cf61,1920,1080,115108,18402
6b65277557f8,1920,1080,92750,16560
6b6932818191,1920,1080,124572,12410
6bd040feb0a7,1920,1080,137032,18272
6c3bf36ce8f5,1920,1080,22540,3112
6ce5126bc17b,1920,1080,102270,15468
6d7b6fe76090,1920,1080,154248,17102
6da6e7fbae3e,1920,1080,97454,10794
6db0994254af,1920,1080,80066,11432
6dda6b2ea29c,1920,1080,158360,18842
6ded0712c9ec,1920,1080,142780,20240
6e5ff34f6722,1920,1080,81966,9874
6ed7b8dfd363,1920,1080,122246,13472
6ef33376331f,1920,1080,52504,8454
6f11068f516d,1920,1080,205984,16672
6f268c61f36d,1920,1080,141168,17910
6f3d6baf8160,1920,1080,284230,25326
6f7aa8498ca4,1920,1080,137924,16496
6fc0035eb77e,1920,1080,98040,16944
7009d711d247,1920,1080,78830,11134
70ed4382f314,1920,1080,157276,17674
712045f271ad,1920,1080,256432,22034
71e1fec94f21,1920,1080,135584,15968
72301a8c9aea,1920,1080,48338,7346
727564ce805a,1920,1080,69614,9866
72a04a87771d,1920,1080,119446,13848
72b61d561754,1920,1080,112064,12194
73533216974c,1920,1080,114888,10706
735c1be073c4,1920,919,214830,19378
73ad3eed7ce9,1920,1080,82756,13418
74ada83510eb,1920,1080,61380,5742
74afa2356b37,1920,1080,42298,6380
7515f32c054d,1920,1080,64180,9452
75c239c0a38d,1920,1080,117046,12840
7627520faa14,1920,1080,70464,11660
76358b1e9637,1920,1080,168778,21002
76b7382698fd,1920,1080,218986,24548
7720846ad1f2,1920,1080,67292,8536
77911c62d69a,1920,1080,75286,10716
77afc6e01a39,1920,1080,94398,13426
7801c02f4879,1920,1080,118438,20834
7844a1c4fd5f,1920,1080,125376,20092
785d631c5735,1920,1080,66198,9430
789c6dc15257,1920,1080,154310,16670
78ad1a9eb0e2,1920,1080,31620,4408
78b34089d5d5,1920,1080,145876,20066
78bbbb654d40,1920,1080,94424,13066
79304db457ef,1920,1080,140104,17906
793c9aafa57d,1920,1080,133446,18118
7960d1ba0a15,1920,1080,113114,14448
7a011c63c1cf,1920,1080,79124,8930
7a256f06fb21,1920,1080,113968,14412
7abc4eab8f7e,1920,1080,112372,12388
7b3d2c4ec52f,1920,1080,130762,13986
7b475a0908e6,1920,1080,101950,6818
7b5dd0f65ddc,1920,1080,100738,13916
7be3729617b7,1920,1080,68818,10344
7bf080cc2f1a,1920,1080,189732,22534
7c12f4c33c17,1920,1080,54962,6116
7c6de7bf7ed6,1920,1080,141104,20972
7da57a5cd93a,1920,1080,29130,4346
7de1f0a15f15,1920,1080,154562,17846
7dfa5cd8ea62,1920,1080,148230,18038
7e591d4cf50b,1920,1080,42656,6396
7eca3c1fe133,1920,1080,70330,8830
7ee9dee870b3,1920,1080,73088,7886
7ef8dcfc5c07,1920,1080,164944,15206
7f368a3857e9,1920,1080,185086,19494
7f4ac274e56c,1920,1080,59630,7814
7f52275e13be,1920,1080,110250,15578
7fe677689385,1920,1080,145262,16426
8005b97d9840,1920,1080,157170,20042
804b009bd9d7,1920,1080,75334,10102
808f49f66ddd,1920,1080,185754,19516
81194e00b1da,1920,1080,133874,16154
81268064deb3,1920,1080,52146,6640
812b599bb2be,1920,1080,107902,7826
8170beb0487f,1920,1080,88888,9596
8271a29aadc9,1920,1080,178252,18100
82a01ce9e4d8,1920,1080,80630,8588
830e7eea6f19,1920,1080,100016,14072
834a89600f8b,1920,1080,233302,25592
834b4bca7c31,1920,1080,135934,22254
836418d8a58d,1920,1080,198548,20002
8378f6e9a51f,1920,1080,90788,12254
8381d0810414,1920,1080,65250,10082
8414071676b7,1920,1080,81916,10608
844eab70783b,1920,1080,86672,13124
84b1b022390b,1920,1080,114076,19472
84f07df764d6,1920,1080,99764,15242
84f2b230dc64,1920,1080,160956,19272
84f498e2f93d,1920,1080,73318,7576
859aa599485e,1920,1080,114838,17858
859f4e744d2c,1920,1080,91848,10794
85a08bdf7231,1920,1080,91064,11594
85b2b0016b18,1920,1080,118346,15756
85dd41131a9f,1920,1080,134644,17090
86127951c096,1920,1080,111062,15680
867b8f30a04c,1920,1080,67668,8506
86ddc56e68e7,1920,1080,101450,11988
86fd8b1d66c3,1920,1080,106506,17886
870c6319583f,1920,1080,104912,13470
878df82e18f8,1920,1080,132344,14952
87c1b6f77549,1920,1080,114690,14204
87c85e52ac46,1920,1080,146958,9052
87f5f3edbfb2,1920,1080,85186,9714
88e6a9eaeb76,1920,1080,98526,10644
89310a3386a7,1920,1080,156632,19444
896ec82f3770,1920,1080,74204,11706
89ca165c432d,1920,1080,115702,14956
89d12d24d30d,1920,1080,67446,8886
8a244d4f1de6,1920,1080,111524,11314
8a4d2ca130c8,1920,1080,90592,11562
8a8c67a8269c,1920,1080,103924,16458
8a93e22a587d,1920,1080,91904,14376
8ac8f6ed37fc,1920,1080,130410,11066
8af720b63db7,1920,1080,149004,16754
8b7e480d22ee,1920,1080,206614,21478
8b7f91a45179,1920,1080,126796,12304
8b8486a954eb,1920,1080,42994,5376
8bf9b82eb7f6,1920,1080,76516,10216
8c6a3f6a12a6,1920,1080,138314,16112
8c9a4d1808c8,1920,1080,89616,10486
8c9d6b2c0a4c,1920,1080,177322,19110
8d26adf05454,1920,1080,93480,10654
8d29ff4ab5ba,1920,1080,79310,12066
8dea7225b114,1920,1080,114330,12186
8e2e0dea3d55,1920,1080,63784,7818
8e51fcb71db6,1920,1080,136306,18758
8f1ba256abc2,1920,1080,95760,13562
8f20f9cde0cb,1920,1080,94646,13676
8f224ceed5cc,1920,1080,70400,7366
8f3a7d4e3d57,1920,1080,76700,12580
8f6108d5caa1,1920,1080,88854,12822
8fac5ccfb6c4,1920,1080,99226,14624
903802fbd0e7,1920,1080,63582,9182
90e3f2c708bf,1920,1080,93272,10010
90ee183d3a9d,1920,1080,189046,20178
910133112cf7,1920,1080,29072,4206
918e5660ab28,1920,1080,86128,12456
91aa8c966a60,1920,1080,79378,9446
91ecb8ce6081,1920,1080,93474,12998
91f164cb6121,1920,1080,56852,6938
922bb2e827c9,1920,1080,210566,18102
92426e53c183,1920,1080,49666,7340
929b2e7f1fd6,1920,1080,132822,21264
92aa8a8ce947,1920,1080,83102,9304
92b87c20f70f,1920,1080,139900,17430
92e9a629d6ff,1920,1080,65604,9844
9339639bf6bf,1920,1080,93030,10090
937d778ca422,1920,1080,118514,16024
93be95a0e216,1920,1080,48940,6644
93fc337cd4e3,1920,1080,41316,4838
941e12ce9f67,1920,1080,55742,7738
946e8c4f9102,1920,1080,212760,19900
9481de62c7cc,1920,1080,43392,6278
94ea956941d5,1920,1080,87956,15106
94f1eb3efaa2,1920,1080,91000,4918
954709b81bb8,1920,1080,141964,14070
95736ee4e4ab,1920,1080,92172,14078
9586de7fd0a7,1920,1080,311444,13856
9671a1cc8664,1920,1080,82270,9772
96b1afce2967,1920,1080,76130,10218
9705bf73e2db,1920,1080,177142,23232
975a2e54a4f4,1920,1080,84914,10160
977adfb71427,1920,1080,87384,9932
986eb21fe147,1920,1080,164740,21158
9898f37b21ee,1920,1080,86210,10018
98dfef655e60,1920,1080,191462,20092
99d1f51c2fdb,1920,1080,103176,12764
9a11aea31dc9,1920,1080,46698,4968
9a8dac4e4838,1920,1080,82092,13142
9ad3be365ceb,1920,1080,189086,19728
9affa4229240,1920,1080,123622,10668
9bbed5d0353e,1920,1080,80384,11466
9bcbcbf9af6d,1920,1080,107756,11850
9bfff9882139,1920,1080,143122,14586
9c2f55e422b4,1920,1080,68482,9206
9c3cbb8b3369,1920,1080,57790,9526
9c88a4b0096d,1920,1080,81904,9760
9cc692994e74,1920,1080,69126,9904
9ce3084d27f1,1920,1080,67646,8942
9ce49cb0c1cc,1920,1080,65740,7466
9d1d7bd8bd8c,1920,1080,81808,10820
9d32e8078d01,1920,1080,93928,12346
9d6d18c17c87,1920,1080,40776,6388
9d8abb91397d,1920,1080,70856,10678
9daa360f43a8,1920,1080,126960,16096
9e544570d86d,1920,1080,72842,11964
9ea6039ed071,1920,1080,91766,12014
9f0d1fc652f3,1920,1080,49518,7746
9f5b8f62e7ca,1920,1080,135092,12958
9f8469de0162,1920,1080,110306,12762
a05037beddaf,1920,1080,107102,12152
a0e26a39f502,1920,1080,122382,16368
a167c3453fef,1920,1080,75116,12756
a17456080297,1920,1080,188406,21920
a21a6f0dbb32,1920,1080,50552,8614
a2dd55ba0d83,1920,1080,95970,12308
a2e6db0d928c,1920,1080,67144,9538
a36ad53a2578,1920,1080,72802,9808
a3a550127165,1920,1080,114450,13792
a3a6192969d8,1920,1080,51886,5094
a4e630ca6fae,1920,1080,76064,11606
a5da8976979a,1920,1080,42814,5328
a5db1bbc5904,1920,1080,164658,17890
a61547ea58eb,1920,1080,68932,8336
a74a06febc1b,1920,1080,83678,11408
a74e8b243adc,1920,1080,96300,10572
a76e746c94bd,1920,1080,126180,13258
a77c3f6e2e79,1920,1080,66600,8496
a795b2767f4b,1920,1080,69172,5886
a7f4215771eb,1920,1080,58920,9768
a8554ac7cb4c,1920,1080,68762,9478
a8becd40c1fc,1920,1080,97726,13192
a968ab12b269,1920,1080,93182,16420
a981ec2e777a,1920,1080,74714,9646
a98c88103c6f,1920,1080,86416,9104
a99439ac1629,1920,1080,84896,7864
a9fb29c6e6a7,1920,1080,62050,9738
aa3d1b1f7586,1920,1080,85404,10926
aa64b8d9a3d0,1920,1080,90248,13082
aac64f512fe3,1920,1080,93378,14316
aacde8bc5ae6,1920,1080,97012,7360
ab01dc7471e3,1920,1080,67884,7910
ab0a923112c7,1920,1080,85160,15704
ab0d74d0772c,1920,1080,213160,25804
ab8c2ee532ca,1920,1080,100578,12228
abe4d43e8174,1920,1080,53080,8440
abf636df1b94,1920,1080,58900,7818
abf6a9062cd4,1920,1080,100732,13184
ac2b5c9081d5,1920,1080,82394,9928
ac3a1d0e66e3,1920,1080,130626,17652
ac44a7eefb0b,1920,1080,130910,5308
ada821b79de0,1920,1080,99128,13246
aec3c5e424d5,1920,1080,180088,19124
af0bd1ee6b07,1920,1080,80594,11600
af2df98e0458,1920,1080,103468,14936
af5ddd8e778f,1920,1080,78472,11162
af7efda4bbfa,1920,1080,125768,13738
af88deba5a4d,1920,1080,97262,7158
afa28f28dd23,1920,1080,88814,12468
b009dd2b378f,1920,1080,84404,10412
b0396889f3d0,1920,1080,43824,7006
b03b55456270,1920,1080,121980,14072
b048468fc0b4,1920,1080,152956,16496
b0a6134250a4,1920,1080,72766,11314
b0c577343cab,1920,1080,73288,10634
b0e09ff723e3,1920,1080,84964,7950
b1c04209012a,1920,1080,332960,20402
b1c74a70a8ff,1920,1080,285440,30044
b1cb4ae8d299,1920,1080,85732,7418
b1e3836599c4,1920,1080,169518,20546
b2c9221a1629,1920,1080,93990,16714
b33b17ab0f41,1920,1080,151720,14142
b39e9ead1f77,1920,1080,82618,13768
b44c0d9ff423,1220,1080,73240,19712
b44f2a77cc33,1920,1080,162584,13768
b4663dbbfa10,1920,1080,58910,6078
b53bac933f34,1920,1080,53944,6162
b544d14f668e,1920,1080,39734,5488
b5622d60cf12,1920,1080,160906,16206
b5665e0166dc,1920,1080,126546,9678
b580213dcc0b,1920,1080,49174,7872
b598fb0fb458,1920,1080,81776,10592
b5e8bd91abb3,1920,1080,188002,14976
b69cfb890aa2,1920,1080,155366,16848
b6cc43cda97f,1920,1080,76716,10746
b6ec0778c9cf,1920,1080,110978,16846
b7117c25a6ae,1920,1080,106352,17310
b7369d740e72,1920,1080,102202,15654
b847877de4d4,1920,1080,236142,26470
b8d278b88a4e,1920,1080,132136,15014
b92ac690b9a4,1920,1080,178620,18412
b9ef5fa8f8fd,1920,1080,120182,18510
ba9fc8c5fcd0,2048,1152,43376,4322
bb0cbb1e97b5,1920,1080,212184,19668
bb771f849da6,1920,1080,103540,12996
bb90d9cc5e5d,1920,1080,89126,12614
bbce000f6a1d,1920,1080,77078,10184
bc3dbe27c7cc,1920,1080,71896,11874
bc8d04da3d79,1920,1080,101786,8490
bcdd3b5ca6a4,1920,1080,62338,9178
bdcbb56678e6,1920,1080,60398,9512
bdeb42934129,1920,1080,111920,12730
beafbe757b99,1920,1080,123590,20466
bef36ebd17e2,1920,1080,125888,14734
bf12e3c567fd,1920,1080,219000,27836
bf4d39b02aea,1920,1080,56236,6266
bfd0b5805604,1920,1080,317198,19766
bfdd707db1f3,1920,1080,67084,10210
c0264191006c,1920,1080,68720,10934
c0813d454f6f,1920,1080,83692,12316
c112d8efbaef,1920,1080,161900,23700
c13da8fe1d63,1920,1080,353074,37920
c153e3fad484,1920,1080,106402,11352
c16276dfb84f,1920,1080,107412,13296
c19ce99cf662,1920,1080,43664,5598
c1fef197b764,1920,1080,22510,2802
c24c9154177f,1920,1080,149174,16194
c26300382c70,1920,1080,117968,12758
c26f04f480bc,1920,1080,47090,6430
c27eb09e584b,1920,1080,99404,14234
c3eb07bf145d,1920,1080,71818,7590
c413b1b82e23,1920,1080,61964,6440
c48c8e2465c7,1920,1080,64412,8876
c4ddbee463e2,1920,1080,95560,14478
c50d9baadfb4,1920,1080,124536,13482
c59764c212cf,1920,1080,105430,6666
c5ff95f48ba0,1920,1080,106416,17606
c6216fe23a9a,1920,1080,40402,6888
c64b038b562d,1920,1080,131258,20310
c6f669cef736,1920,1080,99610,10846
c713b2ba222b,1920,1080,57102,7570
c7c708eff41b,1920,1080,64674,8600
c7fe52448ed8,1920,1080,66310,9222
c84cb6823644,1920,1080,139278,13696
c95c295cbbb2,1920,1080,155198,19276
c97e61be5cb4,1920,1080,71576,11104
c9f45a98fe7e,1920,1080,166242,16970
ca11838d0ada,1920,1080,171276,22530
ca597afbd338,1920,1080,32756,5108
ca63af7d289c,1920,1080,99742,13644
ca763b37efe5,1920,1080,87158,11884
ca9f5018a71f,1920,1080,94726,10632
cb5ae15c5b64,1920,1080,98988,13242
cb6c397a0f1d,1920,1080,208588,22038
cbd32cc90755,1920,1080,120068,14112
cbd7931f8761,1920,1080,72278,10266
cc03751e01cf,1920,1080,73406,11560
ccc6bccf3ec3,1920,1080,58132,8294
cd52156cf9ec,1920,1080,124348,17906
cdccf7fff9a1,1920,1080,90788,11132
ce1a79c999ac,1920,1080,125128,15792
ce2bbd81301f,1920,1080,46844,7448
ce4d2d9caf2c,1920,1080,37482,5348
cedb095dd09f,1920,1080,87294,13230
cf04701d52f0,1920,1080,125480,14906
cf1ab4ddbc60,1920,1080,90356,13174
cf24a6767ef0,1920,1080,85642,8142
cf8d9f2954c3,1920,1080,223814,8964
cfb1e5bf9196,1920,1080,91728,11350
cfc82a338cdb,1920,1080,183392,25018
d0ad99ea3096,1920,1080,97456,12862
d15b1c24740a,1920,1080,105976,10198
d1cb0f8cbadf,1920,1080,66560,10822
d2409a4f4595,1920,1080,288154,26304
d2d98f16f7b1,1920,1080,141372,15154
d2e8d242eb33,1920,1080,84606,10946
d2f48148d803,1920,1080,72550,8972
d34f83a95155,1920,1080,42612,6250
d42c0100eedc,1920,1080,150122,15766
d4439142c9e6,1920,1080,70046,6268
d4c3b1f0929e,1920,1080,125590,15646
d4e101f774be,1920,1080,101692,11658
d4eee3cfb759,1920,1080,239166,28772
d52f28253ec4,1920,1080,100516,9722
d5c51524cd29,1920,1080,211042,16592
d5e06f915314,1920,1080,62864,9296
d6305e1a3621,1920,1080,219970,15170
d636f4ba6ce6,1920,1080,52706,6958
d6408ab2c936,1920,1080,78098,9322
d6d2853bb8a2,1920,1080,350342,27762
d6e5dab3d4aa,1920,1080,214820,21330
d8308753cf7a,1920,1080,139874,17292
d89936126788,1920,1080,116974,17734
d8b5f79f3e58,1920,1080,14814,1918
d9357ffa5777,1920,1080,87746,11706
d9627c837f1b,1920,1080,14992,1768
d9cc196f20d7,1920,1080,92022,10174
da5aa6b29243,1920,1080,149734,14372
da5c33a8b5f7,1920,1080,256196,32290
da65bb607601,1920,1080,208110,21366
daccae760199,1920,1080,114804,15470
dafaf0cad39f,1920,1080,67034,8650
dbc0e438ca62,1920,1080,100884,12788
dbc2d363c4b4,1920,1080,202382,18838
dc249478aef3,1920,1080,165154,16416
dc5741a5dc5f,1920,1080,116920,14972
dc76594f0c14,1920,1080,63026,9750
dcb3be33652e,1920,1080,88118,12970
dcb9f850e541,1920,1080,110544,15338
dcd80b936712,1920,1080,101458,12674
dcd836d0362e,1920,1080,74212,10374
dd225c0cc833,1920,1080,48656,5026
dd4c2e314115,1920,1080,40546,4840
dd5c4f608a52,1920,1080,31958,5420
ddc04db3c499,1920,1080,95180,13182
de433e3bafb7,1920,1080,74338,9072
de52409588b1,1920,1080,38988,5472
de93f0124824,1920,1080,86798,15326
dec2d769f78e,1920,1080,34916,5322
df0169e78e51,1920,1080,47864,6050
df1dbc774bdd,1920,1080,176720,18516
dfb32e51bc2b,1920,1080,119986,14012
dfccc92af25b,1920,1080,46540,6638
dff85bbb4910,1920,1080,128620,18052
dff92f44092f,1920,1080,191860,17828
e0a481508109,1920,1080,53942,6840
e0bb99b330a2,1920,1080,118036,15144
e190082319fd,1920,1080,87910,14010
e19cff5890e5,1920,1080,73186,11492
e2cff99fd4dd,1920,1080,165026,19808
e309af308809,1920,1080,72598,10198
e3e9b5d758d3,1920,1080,74168,9720
e40eff6a9341,1920,1080,170814,21962
e436c26e226b,1920,1080,107212,10576
e44c3bbaf3a7,1920,1080,84214,13554
e4dd4a80fe27,1920,1080,93202,14634
e5072cb3b636,1920,1080,118116,18024
e51eab9c4392,1920,1080,110838,15546
e581964740f9,1920,1080,172240,14988
e59a1d17031a,1920,1080,76254,9980
e5a2d39c63f3,1920,1080,38974,6822
e5d860f59609,1920,1080,141706,17380
e5e2594d0a29,1920,1080,38550,5176
e6089d9ffb95,1920,1080,115380,18148
e6b27a64a1ef,1920,1080,242246,20176
e7d195a35838,1920,1080,40552,6620
e810f696f4b4,1920,1080,134954,14234
e820b63a0b7a,1920,1080,103360,11730
e82da5b92004,1920,1080,153482,19156
e87e9a2366c0,1920,1080,93732,12252
e8e728922455,1920,1080,77082,13818
e9666f53d224,1920,1080,186036,19776
e9d4ddb06f6a,1920,1080,40314,5238
e9dc4ae5accd,1920,1080,117690,11126
e9de3875711e,1920,1080,107290,12196
e9e0e53b0039,1920,1080,146544,14902
ea1d7f282144,1920,1080,85318,12748
ead2b60ed672,1920,1080,71516,8878
eb1103b137ce,1920,1080,128792,16706
eb317c681fb4,1920,1080,93026,7904
eb33ff6ee1ed,1355,762,96912,21536
eb5944c958da,1920,1080,113700,13082
eb6122361e4e,1920,1080,86922,11206
ec22d8445c54,923,451,44800,14408
ec4f4830c621,1920,1080,88222,9438
ec8ef9cf80cd,1920,1080,35486,4970
ed0a5fd95053,1920,1080,80896,10834
ed5f14500507,1920,1080,89320,12954
ed63a852ae72,1920,1080,92182,13988
edfae6f9ee0d,1920,1080,64844,9514
ee152869285c,1920,1080,56734,7636
ee78e9db86a9,1920,1080,52628,7152
eee8bd6ce585,1920,1080,103540,10638
ef7de52b49f2,1920,1080,77278,12402
ef9b731a6fc0,1920,1080,145070,19554
efbfedc0805c,1920,1080,66806,7240
efde144938b0,1920,1080,59282,7484
efde7b7c607e,1920,1080,286388,12468
f06d272dc13f,1920,1080,63624,10562
f1443a57c6ed,1920,1080,78096,13658
f1600012ca1e,1920,1080,43350,5894
f191e4a9ac19,1920,1080,59314,5818
f2438deebc6c,1920,1080,112256,10948
f2aba44cd6ec,1920,1080,73656,8820
f2c5f09f1981,1920,1080,25746,2084
f2caac8345bf,1920,1080,93414,10154
f31dc03b51ce,1920,1080,80102,10892
f36f168aea59,1920,1080,121580,16376
f4ba0f81ee57,1920,1080,51304,6358
f4d0853762e3,1920,1080,81856,9236
f4d7b0e2104e,1920,1080,102264,12446
f55b45d2b468,1920,1080,96954,10778
f581adb64530,1920,1080,101920,12668
f5a55b9006e5,1920,1080,107520,12658
f5e308191c15,1920,1080,25246,3800
f5e363a9e02a,1920,1080,76038,10450
f5e66a06eff4,1920,1080,175808,16174
f5eaac750f1a,1920,1080,78968,11646
f68af13cf190,1920,1080,145242,19488
f766e4323518,1920,1080,67106,9626
f896298b2b9d,1920,1080,78980,11668
f8ac7dcf905f,1920,1080,74010,7702
f8b5bb61e027,1920,1080,97988,14282
f8f3926c6680,1920,1080,144010,10768
fa13e79ee660,1920,1080,60790,8028
fa166eae4ea0,1920,1080,75246,11718
fb85a18f036f,1920,1080,121622,11778
fba8f4a14c86,1920,1080,106312,10594
fbdc92c7bdbd,1920,1080,114260,15060
fcca86e7c85f,1920,1080,67608,10474
fd696e8f4c32,1920,1080,143454,17376
fe85b68a9fbf,1920,1080,83686,10090
ff1568730347,1920,1080,80490,9082
ff37a4fea93f,1920,1080,39954,5710
ff9d1800d09f,1920,1080,93976,12396
