video_id,platform,url,title,title_in_sheet,channel,artist_ids,song,type,status
C3HDIYnQnkw,youtube,https://www.youtube.com/watch?v=C3HDIYnQnkw,[Queenz Eye] 'UN-NORMAL' M/V,[Queenz Eye] 'UN-NORMAL' M/V,Queenz Eye (퀸즈아이),queenz-eye,UN-NORMAL,mv,ok
8Z_aqJkIlQw,youtube,https://www.youtube.com/watch?v=8Z_aqJkIlQw,(MV)LEE CHAE YEON(이채연)_LET'S DANCE,(MV)LEE CHAE YEON(이채연)_LET'S DANCE,LEE CHAEYEON,lee-chae-yeon,,mv,ok
_jONRhd7kO4,youtube,https://www.youtube.com/watch?v=_jONRhd7kO4,BLITZERS(블리처스) - 마카레나(Macarena) Official MV,BLITZERS(블리처스) - 마카레나(Macarena) Official MV,BLITZERS OFFICIAL,blitzers,,mv,ok
u4Ng8LI2ARI,youtube,https://www.youtube.com/watch?v=u4Ng8LI2ARI,[MV] Izykite(이지카이트) _ HEY,[MV] Izykite(이지카이트) _ HEY,1theK (원더케이),izykite,,mv,ok
pU8Gu5aOWZ0,youtube,https://www.youtube.com/watch?v=pU8Gu5aOWZ0,XIUMIN 시우민 'Brand New' MV,XIUMIN 시우민 'Brand New' MV,SMTOWN,xiumin,Brand New,mv,ok
MFTWTOAK-ho,youtube,https://www.youtube.com/watch?v=MFTWTOAK-ho,TRENDZ(트렌드지) 'NEW DAYZ' Official MV,TRENDZ(트렌드지) 'NEW DAYZ' Official MV,TRENDZ(트렌드지),trendz,NEW DAYZ,mv,ok
OOBpREhRE8U,youtube,https://www.youtube.com/watch?v=OOBpREhRE8U,TAN (티에이엔) 'Beautiful LIE' Official MV [ENG],TAN (티에이엔) 'Beautiful LIE' Official MV [ENG],TAN-Official,tan,Beautiful LIE,mv,ok
i079STRbUBU,youtube,https://www.youtube.com/watch?v=i079STRbUBU,STAYC(스테이씨) 'BEAUTIFUL MONSTER' Performance POWER Ver.,STAYC(스테이씨) 'BEAUTIFUL MONSTER' Performance POWER Ver.,STAYC,stayc,BEAUTIFUL MONSTER,performance,ok
pes_X2XNokk,youtube,https://www.youtube.com/watch?v=pes_X2XNokk,SKYLE(스카이리) - Bye Bye Bye M/V,SKYLE(스카이리) - Bye Bye Bye M/V,SKYLE  ,skyle,,mv,ok
tEjf_oy30yM,youtube,https://www.youtube.com/watch?v=tEjf_oy30yM,[MV] Rolling Quartz(롤링쿼츠) - NAZABABARA,[MV] Rolling Quartz(롤링쿼츠) - NAZABABARA,미러볼 뮤직 - Mirrorball Music,rolling-quartz,,mv,ok
EErqrVZwAfk,youtube,https://www.youtube.com/watch?v=EErqrVZwAfk,구만 (qman) (9.10000) - 파란만장 (WWAVE) MV,구만 (qman) (9.10000) - 파란만장 (WWAVE) MV,,qman,,mv,http 403
A9jy1Nr0AIE,youtube,https://www.youtube.com/watch?v=A9jy1Nr0AIE,구만 (qman) (9.10000) - Supercar MV,구만 (qman) (9.10000) - Supercar MV,,qman,,mv,http 403
FtU_D67tl64,youtube,https://www.youtube.com/watch?v=FtU_D67tl64,니콜(Nicole) - Mysterious MV,니콜(Nicole) - Mysterious MV,JWK Entertainment,nicole,,mv,ok
dC985ExevHM,youtube,https://www.youtube.com/watch?v=dC985ExevHM,NARIN(나린) - R.P.G Shine (Official),NARIN(나린) - R.P.G Shine (Official),아카펠라 나린_Narin,narin,,other,ok
PKo_Gmft7dU,youtube,https://www.youtube.com/watch?v=PKo_Gmft7dU,미래소년 (MIRAE) - Snow Prince,미래소년 (MIRAE) - Snow Prince,MIRAE,mirae,,other,ok
wvCb4HtUCZQ,youtube,https://www.youtube.com/watch?v=wvCb4HtUCZQ,MAKAMAKA - I AM (Official Music Video),[MV] MAKAMAKA 마카마카 _ I AM 아이엠,MAKAMAKA,makamaka,,mv,ok
Np7PQvOo4Ks,youtube,https://www.youtube.com/watch?v=Np7PQvOo4Ks,[이현우] 'Brand New Christmas (feat. 김광민)' MV,[이현우] 'Brand New Christmas (feat. 김광민)' MV,Uzurocks Entertainment,이현우,Brand New Christmas (feat. 김광민),mv,ok
ISuVx0qPfGA,youtube,https://www.youtube.com/watch?v=ISuVx0qPfGA,ICHILLIN’(아이칠린) ‘Alarm’ MV,ICHILLIN’(아이칠린) ‘Alarm’ MV,ICHILLIN' 아이칠린,ichillin,Alarm,mv,ok
m6CIlftA5lo,youtube,https://www.youtube.com/watch?v=m6CIlftA5lo,[SUB] 허성현(Huh) - 'EXS' M/V,Huh - 'EXS' M/V [ENG/JPN/CHN],Amoeba Culture (아메바컬쳐),sub,EXS,mv,ok
yRSdPSQiAME,youtube,https://www.youtube.com/watch?v=yRSdPSQiAME,EPEX(이펙스) - 사랑歌 M/V,EPEX(이펙스) - 사랑歌 M/V,EPEX,epex,,mv,ok
HM2MJvqnOlE,youtube,https://www.youtube.com/watch?v=HM2MJvqnOlE,CRAXY (크랙시) - 'REAL' M/V,CRAXY (크랙시) - 'REAL' M/V,CRAXY,craxy,REAL,mv,ok
ieAyyfD6l7w,youtube,https://www.youtube.com/watch?v=ieAyyfD6l7w,CocaNButter - 'Mi Deh Yah' M/V,CocaNButter - 'Mi Deh Yah' M/V,MLD ENTERTAINMENT,cocanbutter,Mi Deh Yah,mv,ok
t20LtL4dJQs,youtube,https://www.youtube.com/watch?v=t20LtL4dJQs,[Chil Label] 칠레이블 - Chil ! (Feat. MEMI & 24Hours),[Chil Label] 칠레이블 - Chil ! (Feat. MEMI & 24Hours),칠성레이블,chil-label,,other,ok
vvJqDdGnMqI,youtube,https://www.youtube.com/watch?v=vvJqDdGnMqI,찬현 (CHANHYUN) - 쉿 (Shhh) (Feat. Leellamarz) (Prod. by GRAY) MV,찬현 (CHANHYUN) - 쉿 (Shhh) (Feat. Leellamarz) (Prod. by GRAY) MV,,chanhyun,,mv,http 403
OAyjtEw2o_s,youtube,https://www.youtube.com/watch?v=OAyjtEw2o_s,[MV] ALICE(앨리스) _ DANCE ON,[MV] ALICE(앨리스) _ DANCE ON,1theK (원더케이),alice,,mv,ok
daK35_cV180,youtube,https://www.youtube.com/watch?v=daK35_cV180,AIMERS 에이머스 'Fight Inside' MV,AIMERS 에이머스 'Fight Inside' MV,AIMERS,aimers,Fight Inside,mv,ok
mrgNlZn0s94,youtube,https://www.youtube.com/watch?v=mrgNlZn0s94,"LIMELIGHT - ""Paradise"" Special Clip","LIMELIGHT - ""Paradise"" Special Clip",MADEIN,limelight,Paradise,clip,ok
1MVNudoY5D0,youtube,https://www.youtube.com/watch?v=1MVNudoY5D0,LIMELIGHT - Cha Cha Special Clip,LIMELIGHT - Cha Cha Special Clip,MADEIN,limelight,,clip,ok
tEDUHaBLpZg,youtube,https://www.youtube.com/watch?v=tEDUHaBLpZg,[4K] 케플러(Kep1er) - 'We Fresh' Performance Clip [#OUTNOW Kep1er]ㅣ네이버 NOW.,'We Fresh' Performance Clip [#OUTNOW Kep1er]ㅣ네이버 NOW.,네이버 NOW.,kep1er,We Fresh,performance,ok
I6qb3zTlyJA,youtube,https://www.youtube.com/watch?v=I6qb3zTlyJA,IRRIS (아이리스) 'Stay W!th Me' Official MV (Performance ver.),IRRIS (아이리스) 'Stay W!th Me' Official MV (Performance ver.),IRRISㆍ아이리스,irris,Stay W!th Me,mv,ok
cjW_9JrvDD4,youtube,https://www.youtube.com/watch?v=cjW_9JrvDD4,[LIVE CLIP] 라포엠 (LA POEM)  LOVE DIVE - IVE (아이브),[LIVE CLIP] 라포엠 (LA POEM) LOVE DIVE - IVE (아이브),라포엠 LA POEM,la-poem,,live,ok
sp1_PCipaqY,youtube,https://www.youtube.com/watch?v=sp1_PCipaqY,"Cover by EPEX 금동현&백승&에이든&제프 l Sik-K, 김하온(HAON), pH-1, Woodie Gochild, 박재범 - GIDDY UP","Cover by EPEX 금동현&백승&에이든&제프 l Sik-K, 김하온(HAON), pH-1, Woodie Gochild, 박재범 - GIDDY UP",EPEX,epex,,cover,ok
XL66RRz0PKk,youtube,https://www.youtube.com/watch?v=XL66RRz0PKk,Cover by EPEX 금동현&백승&에이든&제프 l NCT U - Misfit,Cover by EPEX 금동현&백승&에이든&제프 l NCT U - Misfit,EPEX,epex,,cover,ok
qCGHDCrMDmk,youtube,https://www.youtube.com/watch?v=qCGHDCrMDmk,"Young K ""let it be summer"" LIVE CLIP","Young K ""let it be summer"" LIVE CLIP",DAY6,young-k,let it be summer,live,ok
4xij_3JKs_c,youtube,https://www.youtube.com/watch?v=4xij_3JKs_c,포레스텔라(Forestella) 'KOOL' M/V,포레스텔라(Forestella) 'KOOL' M/V,포레스텔라 Forestella  ,forestella,KOOL,mv,ok
8UmVSQ6ImfM,youtube,https://www.youtube.com/watch?v=8UmVSQ6ImfM,"Young K ""nothing but(이것밖에는 없다)"" LIVE CLIP","Young K ""nothing but(이것밖에는 없다)"" LIVE CLIP",DAY6,young-k,nothing but(이것밖에는 없다),live,ok
lfTaY8qBHOg,youtube,https://www.youtube.com/watch?v=lfTaY8qBHOg,수엔(Suen) - 'My Prada (feat. 식케이 (Sik-K))' Official MV,수엔(Suen) - 'My Prada (feat. 식케이 (Sik-K))' Official MV,GROOVL1N,suen,My Prada (feat. 식케이 (Sik-K)),mv,ok
HHKTh61kYwI,youtube,https://www.youtube.com/watch?v=HHKTh61kYwI,Aylah - 'Stupid Cupid' Official MV,Aylah - 'Stupid Cupid' Official MV,,aylah,Stupid Cupid,mv,http 403
ueaMRwH0o_0,youtube,https://www.youtube.com/watch?v=ueaMRwH0o_0,[스우파2] 레이디바운스(LADYBOUNCE) l 크루곡 퍼포먼스 대중 투표 (Crew Song Performance) #스트릿우먼파이터2,[스우파2] 레이디바운스(LADYBOUNCE) l 크루곡 퍼포먼스 대중 투표 (Crew Song Performance) #스트릿우먼파이터2,The CHOOM (더 춤),ladybounce,,performance,ok
bAdCrrarKhE,youtube,https://www.youtube.com/watch?v=bAdCrrarKhE,로꼬 (Loco) - 'INEEDYOURLOVE' Official Music Video [ENG/CHN],로꼬 (Loco) - 'INEEDYOURLOVE' Official Music Video [ENG/CHN],AOMGOFFICIAL,loco,INEEDYOURLOVE,mv,ok
itrgwHxhtY4,youtube,https://www.youtube.com/watch?v=itrgwHxhtY4,유세윤 (Yoo Se-Yoon) - Love Ya (Feat. 디핵 (D-Hack)) MV,유세윤 (Yoo Se-Yoon) - Love Ya (Feat. 디핵 (D-Hack)) MV,STONE MUSIC,yoo-se-yoon,,mv,ok
maY8n18akp4,youtube,https://www.youtube.com/watch?v=maY8n18akp4,[Special Clip] 후이 (펜타곤) - Whale 🐬,[Special Clip] 후이 (펜타곤) - Whale 🐬,+ 기억 프로젝트,후이,,clip,ok
XDnGdcgd3Pc,youtube,https://www.youtube.com/watch?v=XDnGdcgd3Pc,NCT DREAM 엔시티 드림 'ISTJ' MV,NCT DREAM 엔시티 드림 'ISTJ' MV,SMTOWN,nct-dream,ISTJ,mv,ok
ApZbDJrIJe4,youtube,https://www.youtube.com/watch?v=ApZbDJrIJe4,DKB(다크비) - I Need Love MV,DKB(다크비) - I Need Love MV,Brave Entertainment,dkb,,mv,ok
ydkpS5c6eAY,youtube,https://www.youtube.com/watch?v=ydkpS5c6eAY,[Live] 프로미스나인(fromis_9) - My Night Routine │ #왓플 라이브 │ SEOUL MUSIC ORIGINALS,[Live] 프로미스나인(fromis_9) - My Night Routine │ #왓플 라이브 │ SEOUL MUSIC ORIGINALS,SEOUL MUSIC / 서울뮤직,fromis-9,,live,ok
YMedQQEHpXk,youtube,https://www.youtube.com/watch?v=YMedQQEHpXk,Cover by EPEX 위시&뮤&아민&예왕 l NCT DREAM - 같은 시간 같은 자리,Cover by EPEX 위시&뮤&아민&예왕 l NCT DREAM - 같은 시간 같은 자리,EPEX,epex,,cover,ok
lJNySp1QUwc,youtube,https://www.youtube.com/watch?v=lJNySp1QUwc,[PLAY MUSIC GROUND] #MCND_rive 'Pop Star',[PLAY MUSIC GROUND] #MCND_rive 'Pop Star',MCND Official,mcnd-rive,Pop Star,other,ok
b22rHAMaVm0,youtube,https://www.youtube.com/watch?v=b22rHAMaVm0,"[MV] 이진이 (JinE) - 나 이제 망함, 너에게 반함 (I'm Ruined, I'm Into You) / Official Music Video","[MV] 이진이 (JinE) - 나 이제 망함, 너에게 반함 (I'm Ruined, I'm Into You) / Official Music Video",SEOUL MUSIC / 서울뮤직,jine,"m Ruined, I",mv,ok
8RcM4Kyj29M,youtube,https://www.youtube.com/watch?v=8RcM4Kyj29M,DXTEEN｜’Come Over’ Performance Video,DXTEEN｜’Come Over’ Performance Video,DXTEEN,dxteen,,performance,ok
7123DLSc9FA,youtube,https://www.youtube.com/watch?v=7123DLSc9FA,"SANA MELODY PROJECT ""Mood Indigo (CHEEZE)"" Cover by SANA","SANA MELODY PROJECT ""Mood Indigo (CHEEZE)"" Cover by SANA",TWICE,sana-melody-project,Mood Indigo (CHEEZE),cover,ok
c-q2bseZq3k,youtube,https://www.youtube.com/watch?v=c-q2bseZq3k,로시(Rothy) - 'Something Casual' Official MV,로시(Rothy) - 'Something Casual' Official MV,Dorothy Company,rothy,Something Casual,mv,ok
BtXGQGNCtyo,youtube,https://www.youtube.com/watch?v=BtXGQGNCtyo,[MV] VIVIZ(비비지) _ MANIAC,[MV] VIVIZ(비비지) _ MANIAC,1theK (원더케이),viviz,,mv,ok
iVy45APARiY,youtube,https://www.youtube.com/watch?v=iVy45APARiY,eite 'INDEPENDENT WOMAN' MV,eite 'INDEPENDENT WOMAN' MV,EVA.ENTERTAINMENT,eite,INDEPENDENT WOMAN,mv,ok
Sa_NeCgekzs,youtube,https://www.youtube.com/watch?v=Sa_NeCgekzs,NCT DREAM 엔시티 드림 'Graduation' Special Video,NCT DREAM 엔시티 드림 'Graduation' Special Video,NCT DREAM,nct-dream,Graduation,clip,ok
pOXtkjFcMjY,youtube,https://www.youtube.com/watch?v=pOXtkjFcMjY,"LIMELIGHT - ""Eye To Eye"" Special Clip","LIMELIGHT - ""Eye To Eye"" Special Clip",MADEIN,limelight,Eye To Eye,clip,ok
A_RIS7jBXTs,youtube,https://www.youtube.com/watch?v=A_RIS7jBXTs,TRENDZ(트렌드지) '위로위로 (Go Up)' Official Video,TRENDZ(트렌드지) '위로위로 (Go Up)' Official Video,TRENDZ(트렌드지),trendz,위로위로 (Go Up),mv,ok
aXP2GOrVE7s,youtube,https://www.youtube.com/watch?v=aXP2GOrVE7s,"【MIYA】""MIYAO"" OFFICIAL MV","【MIYA】""MIYAO"" OFFICIAL MV",MASTER LIGHTS,miya,MIYAO,mv,ok
R_Ng4PiVDE8,youtube,https://www.youtube.com/watch?v=R_Ng4PiVDE8,키코 (Kik5o) 'Pretty Revenge' MV,키코 (Kik5o) 'Pretty Revenge' MV,키코(Kik5o),kik5o,Pretty Revenge,mv,ok
teb_bmNN1xQ,youtube,https://www.youtube.com/watch?v=teb_bmNN1xQ,We;Na (위나)-Baby Step,We;Na (위나)-Baby Step,OGAM Entertainment,we-na,,other,ok
v-XYH0tk8D8,youtube,https://www.youtube.com/watch?v=v-XYH0tk8D8,현준(HYUNJUN) ‘Backseat’ Official MV,현준(HYUNJUN) ‘Backseat’ Official MV,Blossom Entertainment,hyunjun,Backseat,mv,ok
H2HfWJKUnWQ,youtube,https://www.youtube.com/watch?v=H2HfWJKUnWQ,니콜(Nicole) - 5!6!7!8! MV,니콜(Nicole) - 5!6!7!8! MV,JWK Entertainment,nicole,,mv,ok
lCfNaN1uXCE,youtube,https://www.youtube.com/watch?v=lCfNaN1uXCE,이다혜 (Lee Dahye) ‘NEVERTHELESS’ Performance Video💙,이다혜 (Lee Dahye) ‘NEVERTHELESS’ Performance Video💙,이다혜 李多慧,lee-dahye,NEVERTHELESS,performance,ok
jtw9oIP_vjQ,youtube,https://www.youtube.com/watch?v=jtw9oIP_vjQ,[MV] CATCH THE YOUNG(캐치더영) _ Dream It,[MV] CATCH THE YOUNG(캐치더영) _ Dream It,1theK (원더케이),catch-the-young,,mv,ok
oS056kLdx6Q,youtube,https://www.youtube.com/watch?v=oS056kLdx6Q,[MV] YERIN(예린) _ Wavy,[MV] YERIN(예린) _ Wavy,1theK (원더케이),yerin,,mv,ok
fc5DoHjIXu4,youtube,https://www.youtube.com/watch?v=fc5DoHjIXu4,WAKER 'Vanilla Choco Shake' MV,WAKER 'Vanilla Choco Shake' MV,WAKER (웨이커),waker,Vanilla Choco Shake,mv,ok
PUYqO3c6xps,youtube,https://www.youtube.com/watch?v=PUYqO3c6xps,TRENDZ(트렌드지) 'GLOW' Official MV,TRENDZ(트렌드지) 'GLOW' Official MV,TRENDZ(트렌드지),trendz,GLOW,mv,ok
55V03ckELBA,youtube,https://www.youtube.com/watch?v=55V03ckELBA,"SF9(에스에프나인) - Don't Worry, Be Happy | DANCE PERFORMANCE (4K) | ISSUE CLUB","SF9(에스에프나인) - Don't Worry, Be Happy | DANCE PERFORMANCE (4K) | ISSUE CLUB",스튜디오 오와,sf9,,performance,ok
Ke5jk7Ngpqs,youtube,https://www.youtube.com/watch?v=Ke5jk7Ngpqs,GENBLUE (젠블루) ‘COCOCO’ MV,GENBLUE (젠블루) ‘COCOCO’ MV,GENBLUE幻藍小熊,genblue,COCOCO,mv,ok
vFlISMSFPkk,youtube,https://www.youtube.com/watch?v=vFlISMSFPkk,[와우퍼포먼스] Loossemble (루셈블) 'TTYL',[와우퍼포먼스] Loossemble (루셈블) 'TTYL',와우스튜디오,loossemble,TTYL,performance,ok
JCSuy4rDDK0,youtube,https://www.youtube.com/watch?v=JCSuy4rDDK0,fromis_9(프로미스나인) - Supersonic | DANCE PERFORMANCE (4K) | ISSUE CLUB,fromis_9(프로미스나인) - Supersonic | DANCE PERFORMANCE (4K) | ISSUE CLUB,스튜디오 오와,fromis-9,,performance,ok
vi048osrhgw,youtube,https://www.youtube.com/watch?v=vi048osrhgw,𝒕𝒉𝒊𝒏𝒌𝒊𝒏𝒈 𝒂𝒃𝒐𝒖𝒕 𝑲𝒂𝒆𝒅𝒆&𝑲𝒐𝒕𝒐𝒏𝒆 𝒆𝒗𝒆𝒓𝒚 𝒏𝒊𝒈𝒉𝒕 #tripleS #트리플에스 #トリプルS #トリプルエス #トエス #Kaede #카에데 #Kotone #코토네,𝒕𝒉𝒊𝒏𝒌𝒊𝒏𝒈 𝒂𝒃𝒐𝒖𝒕 𝑲𝒂𝒆𝒅𝒆&𝑲𝒐𝒕𝒐𝒏𝒆 𝒆𝒗𝒆𝒓𝒚 𝒏𝒊𝒈𝒉𝒕 서아는 수민이만의 꾹꾹이,tripleS official,,,other,ok
msDAoECVMUM,youtube,https://www.youtube.com/watch?v=msDAoECVMUM,서아는 수민이만의 꾹꾹이 #tripleS #트리플에스 #トリプルS#トリプルエス #トエス#SooMin #수민 #スミン#SeoAh #서아 #ソア,𝒕𝒉𝒊𝒏𝒌𝒊𝒏𝒈 𝒂𝒃𝒐𝒖𝒕 𝑲𝒂𝒆𝒅𝒆&𝑲𝒐𝒕𝒐𝒏𝒆 𝒆𝒗𝒆𝒓𝒚 𝒏𝒊𝒈𝒉𝒕 서아는 수민이만의 꾹꾹이,tripleS official,,,other,ok
JaFp_-pozfc,youtube,https://www.youtube.com/watch?v=JaFp_-pozfc,윤서빈(Yoon Seobin) - 'Rizz' MV,윤서빈(Yoon Seobin) - 'Rizz' MV,윤서빈 (Yoon Seobin),yoon-seobin,Rizz,mv,ok
3mEovBrdzSk,youtube,https://www.youtube.com/watch?v=3mEovBrdzSk,[#2024MAMA] 박진영 (J.Y. Park) - 날 떠나지마+그녀는 예뻤다+Honey+어머님이 누구니+Easy Lover (아니라고 말해줘) | Mnet 241122 방송,[#2024MAMA] 박진영 (J.Y. Park) - 날 떠나지마+그녀는 예뻤다+Honey+어머님이 누구니+Easy Lover (아니라고 말해줘) | Mnet 241122 방송,Mnet K-POP,j-y-park,,other,ok
LVi-wK28xWw,youtube,https://www.youtube.com/watch?v=LVi-wK28xWw,KAVE - Stone M/V,KAVE - Stone M/V,KAVE,kave,,mv,ok
oHyzyV1qOVY,youtube,https://www.youtube.com/watch?v=oHyzyV1qOVY,[MV] OVAN(오반) _ Church OPPA(교회오빠) (Feat.BOBBY),[MV] OVAN(오반) _ Church OPPA(교회오빠) (Feat.BOBBY),1theK (원더케이),ovan,,mv,ok
EFBBDwPNpWk,youtube,https://www.youtube.com/watch?v=EFBBDwPNpWk,DJB eSIM 2025形象大使 NMIXX ｜NICE TO MIXX YOU,DJB eSIM 2025形象大使NMIXX ｜NICE TO MIXX YOU,DJB,djb-esim,,other,ok
QS3wqBNQ-pw,youtube,https://www.youtube.com/watch?v=QS3wqBNQ-pw,RESCENE(리센느) - 'Glow up' + 'LOVE ATTACK' (4K) perfomance l 1+1원플원,RESCENE(리센느) - 'Glow up' + 'LOVE ATTACK' (4K) perfomance l 1+1원플원,컴백홈,rescene,Glow up,other,ok
zExqitQRRkM,youtube,https://www.youtube.com/watch?v=zExqitQRRkM,다혜(Dahye) ‘Lemon Cherry Bomb’ MV,다혜(Dahye) ‘Lemon Cherry Bomb’ MV,다혜가다했다DAHYE,dahye,Lemon Cherry Bomb,mv,ok
5toNHtirpVM,youtube,https://www.youtube.com/watch?v=5toNHtirpVM,iii 'Forbidden Midnight (Real ver.)' M/V,iii 'Forbidden Midnight (Real ver.)' M/V,iii Official,iii,Forbidden Midnight (Real ver.),mv,ok
zdy6FEbOSSM,youtube,https://www.youtube.com/watch?v=zdy6FEbOSSM,瑪菲司 Mavis feat. KIM NAM JOO (APINK) & OTWO【MARTINI】- Official Music Video,瑪菲司Mavis feat. KIM NAM JOO (APINK) & OTWO【MARTINI】- Official Music Video,HALO MAVIS國際連線,mavis,,mv,ok
ByX8EZq8500,youtube,https://www.youtube.com/watch?v=ByX8EZq8500,RESCENE (리센느) 'Heart Drop' Official MV,RESCENE (리센느) 'Heart Drop' Official M/V,RESCENE,rescene,Heart Drop,mv,ok
qq7CIIhYMHM,youtube,https://www.youtube.com/watch?v=qq7CIIhYMHM,"SECRET NUMBER ""Don't Touch"" MV","SECRET NUMBER ""Don't Touch"" MV",SECRET NUMBER,secret-number,Don,mv,ok
cKnMKy_i48Q,youtube,https://www.youtube.com/watch?v=cKnMKy_i48Q,Keyveatz (키비츠) - 'Catch My Breath' MV,Keyveatz (키비츠) - 'Catch My Breath' MV,Keyveatz,keyveatz,Catch My Breath,mv,ok
_Hu4GYtye5U,youtube,https://www.youtube.com/watch?v=_Hu4GYtye5U,IVE 아이브 'Either Way’ MV,IVE 아이브 'Either Way’ MV,STARSHIP,ive,Either Way,mv,ok
amwamQiiGHg,youtube,https://www.youtube.com/watch?v=amwamQiiGHg,JINI (지니) - C'mon (Feat. Aminé) M/V,JINI (지니) - C'mon (Feat. Aminé) M/V,ATOC,jini,,mv,ok
zdkC_4rZmBs,youtube,https://www.youtube.com/watch?v=zdkC_4rZmBs,New:ID(뉴이드) ‘E.R’ M/V,New:ID(뉴이드) ‘E.R’ M/V,MLD ENTERTAINMENT,new-id,E.R,mv,ok
8vcvnECNxSU,youtube,https://www.youtube.com/watch?v=8vcvnECNxSU,"[In The Studio] [4K] EVERGLOW (에버글로우) - SLAY｜인더스튜디오,  Stone PERFORMANCE","[In The Studio] [4K] EVERGLOW (에버글로우) - SLAY｜인더스튜디오, Stone PERFORMANCE",STONE MUSIC,everglow,,performance,ok
dDW396b2tbY,youtube,https://www.youtube.com/watch?v=dDW396b2tbY,[Special Clip] 로시 (Rothy) - Rain Drive 🚘,[Special Clip] 로시 (Rothy) - Rain Drive 🚘,+ 기억 프로젝트,rothy,,clip,ok
xfV_FMYphfs,youtube,https://www.youtube.com/watch?v=xfV_FMYphfs,"[In The Studio] [4K] CIX (씨아이엑스) - Save me, Kill me｜인더스튜디오,  Stone PERFORMANCE","[In The Studio] [4K] CIX (씨아이엑스) - Save me, Kill me｜인더스튜디오, Stone PERFORMANCE",STONE MUSIC,cix,,performance,ok
NYT3Opelerg,youtube,https://www.youtube.com/watch?v=NYT3Opelerg,Ash-B (애쉬비) - LIT (feat. BOBBY) [Official M/V],Ash-B (애쉬비) - LIT (feat. BOBBY) [Official M/V],Ash-B,ash-b,Official M/V,mv,ok
jfOpltd2lbU,youtube,https://www.youtube.com/watch?v=jfOpltd2lbU,ICHILLIN'(아이칠린) KICK-START MV,ICHILLIN'(아이칠린) KICK-START MV,ICHILLIN' 아이칠린,,,mv,ok
79UVUxjLC5M,youtube,https://www.youtube.com/watch?v=79UVUxjLC5M,송소희 Song Sohee - Infodemics (with 이일우 from 잠비나이) (Official Live),송소희(Song Sohee) - Infodemics (with 이일우 from 잠비나이) [Official Video] (Live),송소희 Song Sohee,song-sohee,,live,ok
7HDeem-JaSY,youtube,https://www.youtube.com/watch?v=7HDeem-JaSY,(여자)아이들((G)I-DLE) - '퀸카 (Queencard)' Official Music Video,(여자)아이들((G)I-DLE) - '퀸카 (Queencard)' Official Music Video,i-dle (아이들),g-i-dle,퀸카 (Queencard),mv,ok
XZaBkbvteBc,youtube,https://www.youtube.com/watch?v=XZaBkbvteBc,(여자)아이들((G)I-DLE) - 'Allergy' Official Music Video,(여자)아이들((G)I-DLE) - 'Allergy' Official Music Video,i-dle (아이들),g-i-dle,Allergy,mv,ok
dWDKbiHzTvE,youtube,https://www.youtube.com/watch?v=dWDKbiHzTvE,Kep1er 케플러 | 'Giddy' Choreography Video,Kep1er 케플러 | 'Giddy' Choreography Video,Kep1er,kep1er,Giddy,performance,ok
zjhZ3H0qD5E,youtube,https://www.youtube.com/watch?v=zjhZ3H0qD5E,[LIVE] 빌리(Billlie) _ EUNOIA | dancEAR | 댄스이어 | 듣포먼스 | 라이브 퍼포먼스 | Live Performance | 4K,[LIVE] 빌리(Billlie) _ EUNOIA | dancEAR | 댄스이어 | 듣포먼스 | 라이브 퍼포먼스 | Live Performance | 4K,1theK Originals - 원더케이 오리지널,billlie,,performance,ok
f-BarpMXeA0,youtube,https://www.youtube.com/watch?v=f-BarpMXeA0,"[LIVE] NMIXX(엔믹스) - 'Love Me Like This' | 플리예고LIVE | ""네가 뭔데?""라고 물으신다면 ""짱믹스""라고 대답하는 게 인지상정(ง’̀-‘́)ง","[LIVE] NMIXX(엔믹스) - 'Love Me Like This' | 플리예고LIVE | ""네가 뭔데?""라고 물으신다면 ""짱믹스""라고 대답하는 게 인지상정(ง’̀-‘́)ง",MUPLY 뮤플리,nmixx,Love Me Like This,live,ok
nuD-a5lDqv0,youtube,https://www.youtube.com/watch?v=nuD-a5lDqv0,[MV] 가호(Gaho) - Love Me (ENG/JPN/ESP/KOR SUB),[MV] 가호(Gaho) - Love Me (ENG/JPN/ESP/KOR SUB),Gaho,gaho,,mv,ok
r_EDlF-qgTM,youtube,https://www.youtube.com/watch?v=r_EDlF-qgTM,Yng & Rich Records - YNR Shit [Official Music Video],Yng & Rich Records - YNR Shit [Official Music Video],Yng & Rich Records,yng ; rich-records,Official Music Video,mv,ok
CvQaclUIVX0,youtube,https://www.youtube.com/watch?v=CvQaclUIVX0,CRAXY (크랙시) - 'Poison Rose'  M/V,CRAXY (크랙시) - 'Poison Rose' M/V,CRAXY,craxy,Poison Rose,mv,ok
yKxf00KEDhE,youtube,https://www.youtube.com/watch?v=yKxf00KEDhE,"[MV] 안예은 - 우리, 여기 (AHN YEEUN - We Are Here)","[MV] 안예은 - 우리, 여기 (AHN YEEUN - We Are Here)", 더블엑스엔터테인먼트 xxentertainment,안예은,,mv,ok
QGySpyt0Byg,youtube,https://www.youtube.com/watch?v=QGySpyt0Byg,[STATION : NCT LAB] TEN 텐 'Birthday' MV,[STATION : NCT LAB] TEN 텐 'Birthday' MV,SMTOWN,ten,Birthday,mv,ok
Zuy6BIpi_zo,youtube,https://www.youtube.com/watch?v=Zuy6BIpi_zo,[SPECIAL PERFORMANCE] TAN (티에이엔) - 'Fix YOU' (Fix Ver.),[SPECIAL PERFORMANCE] TAN (티에이엔) - 'Fix YOU' (Fix Ver.),TAN-Official,tan,Fix YOU,performance,ok
uedKsnhVEvQ,youtube,https://www.youtube.com/watch?v=uedKsnhVEvQ,JESSICA(제시카) - Get it? Got it? Good (Feat. Amber Liu) Music Video,JESSICA(제시카) - Get it? Got it? Good (Feat. Amber Liu) Music Video,CORIDEL ENTERTAINMENT,jessica,,mv,ok
ppeI9wrv76w,youtube,https://www.youtube.com/watch?v=ppeI9wrv76w,Weeekly 위클리 'Backwards' Performance Video,Weeekly 위클리 'Backwards' Performance Video,Weeekly 위클리,weeekly,Backwards,performance,ok
DaSCu7kap0Y,youtube,https://www.youtube.com/watch?v=DaSCu7kap0Y,EVNNE (이븐) - UGLY MV,EVNNE (이븐) - UGLY MV,STONE MUSIC,evnne,,mv,ok
uDYy2UyO1X4,youtube,https://www.youtube.com/watch?v=uDYy2UyO1X4,RESCENE (리센느) ‘YoYo’ MV,RESCENE(리센느) ‘YoYo’ MV,RESCENE,rescene,YoYo,mv,ok
pHvbVhkNhwE,youtube,https://www.youtube.com/watch?v=pHvbVhkNhwE,[MV] 원정백화점(WONJEONG DEPARTMENT STORE) - PURE HYMN,[MV] 원정백화점(WONJEONG DEPARTMENT STORE) - PURE HYMN,원정백화점 WONJEONG DEPARTMENT STORE,wonjeong-department-store,,mv,ok
Ec0Z1v7jKDQ,youtube,https://www.youtube.com/watch?v=Ec0Z1v7jKDQ,NewJeans (뉴진스) ‘How Sweet’ Performance Video | Coke Studio,NewJeans (뉴진스) ‘How Sweet’ Performance Video,NewJeans,newjeans,How Sweet,performance,ok
JaIMSzE5yLA,youtube,https://www.youtube.com/watch?v=JaIMSzE5yLA,실리카겔 (Silica Gel) - NO PAIN [M/V],실리카겔 (Silica Gel) - NO PAIN [MV],Silica Gel 실리카겔,silica-gel,M/V,mv,ok
4DTkTJPtDZI,youtube,https://www.youtube.com/watch?v=4DTkTJPtDZI,HYO 효연 'DEEP' MV,HYO 효연 'DEEP' MV,SMTOWN,hyo,DEEP,mv,ok
UJaW2Z5DxS8,youtube,https://www.youtube.com/watch?v=UJaW2Z5DxS8,&TEAM 'War Cry' Official MV,&TEAM 'War Cry' Official MV,HYBE LABELS,team,War Cry,mv,ok
k8LXeI5S8Cs,youtube,https://www.youtube.com/watch?v=k8LXeI5S8Cs,"LIMELIGHT - ""Eye To Eye"" MV","LIMELIGHT - ""Eye To Eye"" MV",MADEIN,limelight,Eye To Eye,mv,ok
JM88m7SY8FE,youtube,https://www.youtube.com/watch?v=JM88m7SY8FE,NMIXX “DASH” Performance Video,NMIXX “DASH” Performance Video,NMIXX,nmixx,DASH,performance,ok
v6WIePs7U4g,youtube,https://www.youtube.com/watch?v=v6WIePs7U4g,TEMPEST(템페스트) - LIGHTHOUSE M/V,TEMPEST(템페스트) - LIGHTHOUSE M/V,TEMPEST,tempest,,mv,ok
3T4gA1-sAzI,youtube,https://www.youtube.com/watch?v=3T4gA1-sAzI,THE BOYZ(더보이즈) 'TRIGGER (導火線)' MV,THE BOYZ(더보이즈) 'TRIGGER (導火線)' MV,THE BOYZ,the-boyz,TRIGGER (導火線),mv,ok
eW-rXBIwRJU,youtube,https://www.youtube.com/watch?v=eW-rXBIwRJU,YOON SAN-HA 윤산하 - 'BLEEDING' Performance Video,YOON SAN-HA 윤산하 - 'BLEEDING' Performance Video,fantagio 판타지오,yoon-san-ha,BLEEDING,performance,ok
YGmRaVLi66U,youtube,https://www.youtube.com/watch?v=YGmRaVLi66U,"유하 (YOUHA) - ""Break Free"" Official M/V","유하 (YOUHA) - ""Break Free"" Official M/V",YOUHA 유하,youha,Break Free,mv,ok
o7--Ds0MtUM,youtube,https://www.youtube.com/watch?v=o7--Ds0MtUM,[MV] Suzy(수지) _ Satellite,[MV] Suzy(수지) _ Satellite,1theK (원더케이),suzy,,mv,ok
dZs_cLHfnNA,youtube,https://www.youtube.com/watch?v=dZs_cLHfnNA,"LE SSERAFIM (르세라핌) ‘이브, 프시케 그리고 푸른 수염의 아내’ OFFICIAL M/V","LE SSERAFIM (르세라핌) 'Eve, Psyche & The Bluebeard's wife' OFFICIAL M/V",HYBE LABELS,le-sserafim,"이브, 프시케 그리고 푸른 수염의 아내",mv,ok
p7Yc0kaz_hY,youtube,https://www.youtube.com/watch?v=p7Yc0kaz_hY,[MV] 자우림(Jaurim) - STAY WITH ME,[MV] 자우림(Jaurim) - STAY WITH ME,Jaurim,jaurim,,mv,ok
JleoAppaxi0,youtube,https://www.youtube.com/watch?v=JleoAppaxi0,IU 'Love wins all' MV,IU 'Love wins all' MV,이지금 [IU Official],iu,Love wins all,mv,ok
GRgUK0JGoNg,youtube,https://www.youtube.com/watch?v=GRgUK0JGoNg,H1-KEY(하이키) 뜨거워지자(Let It Burn) Official M/V,H1-KEY(하이키) 뜨거워지자(Let It Burn) Official M/V,H1-KEY,,,mv,ok
pYn96ujbJX0,youtube,https://www.youtube.com/watch?v=pYn96ujbJX0,KISS OF LIFE (키스오브라이프) 'Te Quiero' Performance Video,KISS OF LIFE (키스오브라이프) 'Te Quiero' Performance Video,KISS OF LIFE,kiss-of-life,Te Quiero,performance,ok
ORARQwgctVE,youtube,https://www.youtube.com/watch?v=ORARQwgctVE,[MV] ONEWE(원위) _ OFF ROAD,[MV] ONEWE(원위) _ OFF ROAD,1theK (원더케이),onewe,,mv,ok
hVLRky1hGfk,youtube,https://www.youtube.com/watch?v=hVLRky1hGfk,비비 (BIBI) - 가면무도회 (Animal Farm) Official M/V,비비 (BIBI) - 가면무도회 (Animal Farm) Official M/V,BIBI,bibi,,mv,ok
yxfCbV21ck8,youtube,https://www.youtube.com/watch?v=yxfCbV21ck8,ATEEZ(에이티즈) - ‘멋(The Real) (흥 : 興 Ver.)’ Official MV,ATEEZ(에이티즈) - ‘멋(The Real) (흥 : 興 Ver.)’ Official MV,KQ ENTERTAINMENT,ateez,멋(The Real) (흥 : 興 Ver.),mv,ok
aKyt6Ahxwss,youtube,https://www.youtube.com/watch?v=aKyt6Ahxwss,tripleS(트리플에스) Visionary Vision ‘Hit the Floor’ Official MV,tripleS(트리플에스) Visionary Vision ‘Hit the Floor’ Official MV,tripleS official,triples-visionary-vision,Hit the Floor,mv,ok
WlsTyEGK9I8,youtube,https://www.youtube.com/watch?v=WlsTyEGK9I8,"NEXZ(넥스지) ""NALLINA"" M/V","NEXZ(넥스지) ""NALLINA"" M/V",JYP Entertainment,nexz,NALLINA,mv,ok
V9iN-Yj0VTI,youtube,https://www.youtube.com/watch?v=V9iN-Yj0VTI,위아이(WEi) 'HOME' M/V,위아이(WEi) 'HOME' M/V,WEi,wei,HOME,mv,ok
nLoZiWdgPLc,youtube,https://www.youtube.com/watch?v=nLoZiWdgPLc,AB6IX (에이비식스) 'GRAB ME' M/V,AB6IX (에이비식스) 'GRAB ME' M/V,BRANDNEW MUSIC,ab6ix,GRAB ME,mv,ok
sU0FVs9Enq8,youtube,https://www.youtube.com/watch?v=sU0FVs9Enq8,aespa 에스파 'Licorice' Universe,aespa 에스파 'Licorice' Universe,aespa,aespa,Licorice,other,ok
39LY7OxHgFk,youtube,https://www.youtube.com/watch?v=39LY7OxHgFk,JUNIEL(주니엘) '혜성' MV,JUNIEL(주니엘) '혜성' MV,JUNIEL OFFICIAL,juniel,혜성,mv,ok
RknLOnO6ZtI,youtube,https://www.youtube.com/watch?v=RknLOnO6ZtI,Billlie | 'DANG! (hocus pocus)' M/V,Billlie | 'DANG! (hocus pocus)' M/V,Billlie,billlie,DANG! (hocus pocus),mv,ok
Sz_wWzgh-vQ,youtube,https://www.youtube.com/watch?v=Sz_wWzgh-vQ,TWICE “Strategy (feat. Megan Thee Stallion)” M/V,TWICE “Strategy (feat. Megan Thee Stallion)” M/V,JYP Entertainment,twice,Strategy (feat. Megan Thee Stallion),mv,ok
88GkYKvnvvI,youtube,https://www.youtube.com/watch?v=88GkYKvnvvI,izna 'SIGN' MV,izna 'SIGN' MV,izna (이즈나),izna,SIGN,mv,ok
OgEwJ8a1OoY,youtube,https://www.youtube.com/watch?v=OgEwJ8a1OoY,ALLDAY PROJECT - ‘ONE MORE TIME’ M/V,ALLDAY PROJECT - ‘ONE MORE TIME’ M/V,THEBLACKLABEL,allday-project,ONE MORE TIME,mv,ok
01pEUMbf5Mw,youtube,https://www.youtube.com/watch?v=01pEUMbf5Mw,영파씨 (YOUNG POSSE) 'we don't go to bed tonight' MV,영파씨 (YOUNG POSSE) 'we don't go to bed tonight' MV,YOUNG POSSE • 영파씨,young-posse,we don,mv,ok
uglrQCWtLUg,youtube,https://www.youtube.com/watch?v=uglrQCWtLUg,"NAYEON “ABCD"" Performance Video","NAYEON “ABCD"" Performance Video",TWICE,nayeon,ABCD,performance,ok
YEA1ROHi0Eg,youtube,https://www.youtube.com/watch?v=YEA1ROHi0Eg,aespa 에스파 'Live My Life' MV,aespa 에스파 'Live My Life' MV,SMTOWN,aespa,Live My Life,mv,ok
2lFG1uEZfNg,youtube,https://www.youtube.com/watch?v=2lFG1uEZfNg,MIRAE - RUNNING UP,MIRAE - RUNNING UP,MIRAE JAPAN OFFICIAL,mirae,,other,ok
U-o6bmvH7R4,youtube,https://www.youtube.com/watch?v=U-o6bmvH7R4,NOWZ (나우즈) 'EVERGLOW' Official Music Video,NOWZ (나우즈) 'EVERGLOW' Official Music Video,NOWZ 나우즈 (Official YouTube Channel),nowz,EVERGLOW,mv,ok
IcwHopeT5gY,youtube,https://www.youtube.com/watch?v=IcwHopeT5gY,TXT (투모로우바이투게더) 'Beautiful Strangers' Official MV,TXT (투모로우바이투게더) 'Beautiful Strangers' Official MV,HYBE LABELS,txt,Beautiful Strangers,mv,ok
APjtMcVKIc0,youtube,https://www.youtube.com/watch?v=APjtMcVKIc0,LUN8 루네이트 - Lost M/V,LUN8 루네이트 - Lost M/V,fantagio 판타지오,lun8,,mv,ok
n7AChRJK7tc,youtube,https://www.youtube.com/watch?v=n7AChRJK7tc,어센트(ASC2NT) 1ST MINI ALBUM ‘Still Rose’ MV,어센트(ASC2NT) 1ST MINI ALBUM ‘Still Rose’ MV,ASC2NT(어센트),asc2nt,Still Rose,mv,ok
XdujOljuyNw,youtube,https://www.youtube.com/watch?v=XdujOljuyNw,Jay Park & LNGSHOT - 'YEAH! YEAH!' Official Music Video,Jay Park & LNGSHOT - [YEAH! YEAH!] Official Music Video,MORE VISION,jay-park ; lngshot,YEAH! YEAH!,mv,ok
TcMV9YeT9Sw,youtube,https://www.youtube.com/watch?v=TcMV9YeT9Sw,QWER 'SHOW DOWN' Official MV,QWER 'SHOW DOWN' Official MV,QWER,qwer,SHOW DOWN,mv,ok
UuoYKHIYq4Q,youtube,https://www.youtube.com/watch?v=UuoYKHIYq4Q,ALL(H)OURS (올아워즈) ‘DANG DANG’ Official M/V,ALL(H)OURS (올아워즈) ‘DANG DANG’ Official M/V,올아워즈 ALL(H)OURS ,all-h-ours,DANG DANG,mv,ok
_ApV7Lm87cg,youtube,https://www.youtube.com/watch?v=_ApV7Lm87cg,IVE 아이브 'Off The Record' MV,IVE 아이브 'Off The Record' MV,STARSHIP,ive,Off The Record,mv,ok
X-uJtV8ScYk,youtube,https://www.youtube.com/watch?v=X-uJtV8ScYk,"Stray Kids ""Back Door"" M/V","Stray Kids ""Back Door"" M/V",JYP Entertainment,stray-kids,Back Door,mv,ok
gAFgaI5D3Gc,youtube,https://www.youtube.com/watch?v=gAFgaI5D3Gc,MISAMO「Marshmallow」Music Video,MISAMO「Marshmallow」Music Video,TWICE JAPAN OFFICIAL YouTube Channel,misamo,Marshmallow,mv,ok
bjjXgQdPhQA,youtube,https://www.youtube.com/watch?v=bjjXgQdPhQA,TOZ (티오지) - Magic Hour [Music Video],TOZ (티오지) - Magic Hour [Music Video],워너뮤직코리아 (Warner Music Korea),toz,Music Video,mv,ok
SA4V3TE4j3c,youtube,https://www.youtube.com/watch?v=SA4V3TE4j3c,[Special] 문별 (MoonByul) - G999 (feat. Mirani),[Special] 문별 (MoonByul) - G999 (feat. Mirani),MAMAMOO,moonbyul,,clip,ok
EtNu7SrOH1k,youtube,https://www.youtube.com/watch?v=EtNu7SrOH1k,FANTASY BOYS(판타지 보이즈) - ‘Undeniable’ M/V,FANTASY BOYS(판타지 보이즈) - ‘Undeniable’ M/V,Fantasy Boys_Official,fantasy-boys,Undeniable,mv,ok
XBDll5HO9Rc,youtube,https://www.youtube.com/watch?v=XBDll5HO9Rc,수진 (SOOJIN) 'BADITUDE' MV,수진 (SOOJIN) 'BADITUDE' MV,SOOJIN,soojin,BADITUDE,mv,ok
y09NxUvG2x0,youtube,https://www.youtube.com/watch?v=y09NxUvG2x0,NAYEON “POP!” Performance Video,NAYEON “POP!” Performance Video,TWICE,nayeon,POP!,performance,ok
kYt8gxlthWs,youtube,https://www.youtube.com/watch?v=kYt8gxlthWs,Weki Meki 위키미키 - Siesta M/V,Weki Meki 위키미키 - Siesta M/V,fantagio 판타지오,weki-meki,,mv,ok
juQvizeZJFM,youtube,https://www.youtube.com/watch?v=juQvizeZJFM,STAYC(스테이씨) 'BEAUTIFUL MONSTER' MV,STAYC(스테이씨) 'BEAUTIFUL MONSTER' MV,STAYC,stayc,BEAUTIFUL MONSTER,mv,ok
dTX-6WdiXx8,youtube,https://www.youtube.com/watch?v=dTX-6WdiXx8,"［M/V］Rocket Punch Japan 1st Single ""Fiore""","［M/V］Rocket Punch Japan 1st Single ""Fiore""",Rocket Punch Japan Official Channel,rocket-punch-japan-1st-single,Fiore,mv,ok
HM6UpQZvbhY,youtube,https://www.youtube.com/watch?v=HM6UpQZvbhY,프로미스나인 (fromis_9) 'WE GO' M/V,프로미스나인 (fromis_9) 'WE GO' M/V,Official fromis_9,fromis-9,WE GO,mv,ok
jLLyTeV_QMQ,youtube,https://www.youtube.com/watch?v=jLLyTeV_QMQ,"SECRET NUMBER ""STARLIGHT"" M/V","SECRET NUMBER ""STARLIGHT"" M/V",SECRET NUMBER,secret-number,STARLIGHT,mv,ok
2nyGJhSa3hI,youtube,https://www.youtube.com/watch?v=2nyGJhSa3hI,[MV] LEE MU JIN(이무진) _ Reference(참고사항) (Latte(라떼) Ver.),[MV] LEE MU JIN(이무진) _ Reference(참고사항) (Latte(라떼) Ver.),1theK (원더케이),lee-mu-jin,,mv,ok
aiHSVQy9xN8,youtube,https://www.youtube.com/watch?v=aiHSVQy9xN8,Red Velvet 레드벨벳 'Power Up' MV,Red Velvet 레드벨벳 'Power Up' MV,SMTOWN,red-velvet,Power Up,mv,ok
zzk09ESX7e0,youtube,https://www.youtube.com/watch?v=zzk09ESX7e0,[MV] 마마무 (MAMAMOO) - Where Are We Now,[MV] 마마무 (MAMAMOO) - Where Are We Now,MAMAMOO,mamamoo,,mv,ok
FyG21rXCxlY,youtube,https://www.youtube.com/watch?v=FyG21rXCxlY,Red Velvet 레드벨벳 'Cosmic' MV,Red Velvet 레드벨벳 'Cosmic' MV,SMTOWN,red-velvet,Cosmic,mv,ok
XpZTcLSH6Cc,youtube,https://www.youtube.com/watch?v=XpZTcLSH6Cc,FIFTY FIFTY (피프티피프티) ‘SOS’ Official MV,FIFTY FIFTY (피프티피프티) ‘SOS’ Official MV,FIFTY FIFTY Official,fifty-fifty,SOS,mv,ok
eMk_0svqsnI,youtube,https://www.youtube.com/watch?v=eMk_0svqsnI,"ITZY ""GOLD"" M/V","ITZY ""GOLD"" M/V",JYP Entertainment,itzy,GOLD,mv,ok
tbDGl7jEazA,youtube,https://www.youtube.com/watch?v=tbDGl7jEazA,ILLIT (아일릿) ‘Cherish (My Love)’ Official MV,ILLIT (아일릿) ‘Cherish (My Love)’ Official MV,HYBE LABELS,illit,Cherish (My Love),mv,ok
TZhlLAUpXqE,youtube,https://www.youtube.com/watch?v=TZhlLAUpXqE,EPEX(이펙스) - 잃어버린 것들에 대하여 M/V,EPEX(이펙스) - 잃어버린 것들에 대하여 M/V,EPEX,epex,,mv,ok
IdssuxDdqKk,youtube,https://www.youtube.com/watch?v=IdssuxDdqKk,EXO 엑소 'Ko Ko Bop' MV,EXO 엑소 'Ko Ko Bop' MV,SMTOWN,exo,Ko Ko Bop,mv,ok
gjHcbWTXqEY,youtube,https://www.youtube.com/watch?v=gjHcbWTXqEY,VIVIZ (비비지) - 'La La Love Me' MV,VIVIZ (비비지) - 'La La Love Me' MV,BPM Entertainment,viviz,La La Love Me,mv,ok
Li0zo4SZ5AY,youtube,https://www.youtube.com/watch?v=Li0zo4SZ5AY,CLOSE YOUR EYES 'Snowy Summer' MV,CLOSE YOUR EYES 'Snowy Summer' MV,CLOSE YOUR EYES,close-your-eyes,Snowy Summer,mv,ok
Q8y4WKRNpyc,youtube,https://www.youtube.com/watch?v=Q8y4WKRNpyc,조유리 (JO YURI) | '이제 안녕! (Farewell for now!)' MV,조유리 (JO YURI) | '이제 안녕! (Farewell for now!)' MV,조유리 JO YURI,jo-yuri,이제 안녕! (Farewell for now!),mv,ok
bqGd-JvIn0Q,youtube,https://www.youtube.com/watch?v=bqGd-JvIn0Q,xikers(싸이커스) - 'HOMEBOY' Official MV,xikers(싸이커스) - 'HOMEBOY' Official MV,KQ ENTERTAINMENT,xikers,HOMEBOY,mv,ok
5BVC6VggY3A,youtube,https://www.youtube.com/watch?v=5BVC6VggY3A,TXT (투모로우바이투게더) 'We’ll Never Change' Official MV,TXT (투모로우바이투게더) 'We’ll Never Change' Official MV,HYBE LABELS,txt,We,mv,ok
4TTI8UR7kTE,youtube,https://www.youtube.com/watch?v=4TTI8UR7kTE,8TURN(에잇턴) ‘Electric Heart’ M/V,8TURN(에잇턴) ‘Electric Heart’ M/V,8TURN,8turn,Electric Heart,mv,ok
5G7Y7Yraq5I,youtube,https://www.youtube.com/watch?v=5G7Y7Yraq5I,김뭉먕 (Moong myang) '부아앙~~' Official MV,김뭉먕 (Moong myang) '부아앙~~' Official MV,MAJOR9 메이저나인,moong-myang,부아앙~~,mv,ok
smzt0he4EPA,youtube,https://www.youtube.com/watch?v=smzt0he4EPA,RYEOWOOK 려욱 'Runaway' MV,RYEOWOOK 려욱 'Runaway' MV,SMTOWN,ryeowook,Runaway,mv,ok
_qJEoSa3Ie0,youtube,https://www.youtube.com/watch?v=_qJEoSa3Ie0,"[MV] 이달의 소녀/김립 (LOONA/Kim Lip) ""Eclipse""","[MV] 이달의 소녀/김립 (LOONA/Kim Lip) ""Eclipse""",loonatheworld,loona-kim-lip,Eclipse,mv,ok
gH14nS5NC0g,youtube,https://www.youtube.com/watch?v=gH14nS5NC0g,(MV)온앤오프 (ONF)_Why,(MV)온앤오프 (ONF)_Why,,onf,,mv,http 403
FYPT5MMb75E,youtube,https://www.youtube.com/watch?v=FYPT5MMb75E,[MV] MINSEO(민서) _ ZERO,[MV] MINSEO(민서) _ ZERO,1theK (원더케이),minseo,,mv,ok
AdfIfFGCqgo,youtube,https://www.youtube.com/watch?v=AdfIfFGCqgo,"Stray Kids ""Hellevator"" M/V","Stray Kids ""Hellevator"" M/V",JYP Entertainment,stray-kids,Hellevator,mv,ok
Q2Rsmi7jhg8,youtube,https://www.youtube.com/watch?v=Q2Rsmi7jhg8,빅스(VIXX) - The Closer Official M/V,빅스(VIXX) - The Closer Official M/V,RealVIXX,vixx,,mv,ok
_dUFaQ2NYV0,youtube,https://www.youtube.com/watch?v=_dUFaQ2NYV0,BeatBurger 비트버거 'VAGABOND' MV,BeatBurger 비트버거 'VAGABOND' MV,SMTOWN,beatburger,VAGABOND,mv,ok
RgNKpDpr4rE,youtube,https://www.youtube.com/watch?v=RgNKpDpr4rE,[MV] KCM _ Dawn (새벽길),[MV] KCM _ Dawn (새벽길),1theK (원더케이),kcm,,mv,ok
mF1faBr77sg,youtube,https://www.youtube.com/watch?v=mF1faBr77sg,THE ROSE 'She's In The Rain' MV,THE ROSE 'She's In The Rain' MV,ida minardi,the-rose,She,mv,ok
rjCzp_mMkVE,youtube,https://www.youtube.com/watch?v=rjCzp_mMkVE,[M/V] SOYA(소야) - Artist,[M/V] SOYA(소야) - Artist,SUPER SOUND Bugs!,soya,,mv,ok
ETiRQ2_75MQ,youtube,https://www.youtube.com/watch?v=ETiRQ2_75MQ,스위치(Switch) - 피에스타로카(Fiestaloca),스위치(Switch) - 피에스타로카(Fiestaloca),OGAM Entertainment,switch,,other,ok
HrGTe1EQWmE,youtube,https://www.youtube.com/watch?v=HrGTe1EQWmE,[MV] JERASTAR(정혜선) _ ENTROPY(예측불허),[MV] JERASTAR(정혜선) _ ENTROPY(예측불허),1theK (원더케이),jerastar,,mv,ok
RZwjhn6xGvo,youtube,https://www.youtube.com/watch?v=RZwjhn6xGvo,[MV] Mckdaddy _ Issue,[MV] Mckdaddy _ Issue,1theK (원더케이),mckdaddy,,mv,ok
_kDLta6wvcY,youtube,https://www.youtube.com/watch?v=_kDLta6wvcY,챈슬러 (Chancellor) ‘Angel (Feat. 태연 TAEYEON)’ MV,챈슬러 (Chancellor) ‘Angel (Feat. 태연 TAEYEON)’ MV,MILLION MARKET (밀리언마켓),chancellor,Angel (Feat. 태연 TAEYEON),mv,ok
XEHvsV9u16k,youtube,https://www.youtube.com/watch?v=XEHvsV9u16k,[MV] gracie (그레이시) - 'Conquest' - 중독(O.D.)(Feat. Junny)(Prod. by moonc),[MV] gracie (그레이시) - 'Conquest' - 중독(O.D.)(Feat. Junny)(Prod. by moonc),DanalEntertainment,gracie,Conquest,mv,ok
PMLPefdwM00,youtube,https://www.youtube.com/watch?v=PMLPefdwM00,VICTON 빅톤 Mayday (메이데이) MV,VICTON 빅톤 Mayday (메이데이) MV,VICTON 빅톤,,,mv,ok
XLV--CXZzxM,youtube,https://www.youtube.com/watch?v=XLV--CXZzxM,ONEUS(원어스) 'TO BE OR NOT TO BE' MV,ONEUS(원어스) 'TO BE OR NOT TO BE' MV,ONEUS,oneus,TO BE OR NOT TO BE,mv,ok
pEFG9bpQHtI,youtube,https://www.youtube.com/watch?v=pEFG9bpQHtI,PIXY(픽시) - 'Wings' M/V,PIXY(픽시) - 'Wings' M/V,PIXY,pixy,Wings,mv,ok
hV_d3cvOjvc,youtube,https://www.youtube.com/watch?v=hV_d3cvOjvc,AB6IX (에이비식스) '감아 (CLOSE)' M/V,AB6IX (에이비식스) '감아 (CLOSE)' M/V,BRANDNEW MUSIC,ab6ix,감아 (CLOSE),mv,ok
71gOeMzNEBQ,youtube,https://www.youtube.com/watch?v=71gOeMzNEBQ,VERIVERY - 'TRIGGER' Official M/V,VERIVERY - 'TRIGGER' Official M/V,VERIVERY,verivery,TRIGGER,mv,ok
ZJaKdBBzUYk,youtube,https://www.youtube.com/watch?v=ZJaKdBBzUYk,TREASURE - '직진 (JIKJIN)' M/V,TREASURE - '직진 (JIKJIN)' M/V,TREASURE (트레저),treasure,직진 (JIKJIN),mv,ok
BrAtML0UIsM,youtube,https://www.youtube.com/watch?v=BrAtML0UIsM,MC haNsAi (MC한새) 'ALCOHOLIC' Official MV (2017),MC haNsAi (MC한새) 'ALCOHOLIC' Official MV (2017),MC한새 MC haNsAi,mc-hansai,ALCOHOLIC,mv,ok
phTLVfMhwEI,youtube,https://www.youtube.com/watch?v=phTLVfMhwEI,LUN8 루네이트 - 나비(Butterfly) M/V,LUN8 루네이트 - 나비(Butterfly) M/V,fantagio 판타지오,lun8,,mv,ok
LE_lqvJ4qzo,youtube,https://www.youtube.com/watch?v=LE_lqvJ4qzo,1VERSE 유니버스 'Shattered' Official MV,1VERSE 유니버스 'Shattered' Official MV,1VERSE,1verse,Shattered,mv,ok
NCuFonpf-qk,youtube,https://www.youtube.com/watch?v=NCuFonpf-qk,XLOV 엑스러브 'Rizz' MV,XLOV 엑스러브 'Rizz' MV,XLOV,xlov,Rizz,mv,ok
OrlkRhaVnhk,youtube,https://www.youtube.com/watch?v=OrlkRhaVnhk,BADA[바다] '소란스런 이별'  MV,BADA[바다] '소란스런 이별' MV,바다 BADA,bada-바다,소란스런 이별,mv,ok
FZ9lJ5ctd0s,youtube,https://www.youtube.com/watch?v=FZ9lJ5ctd0s,[Special Clip] 몬스타엑스 (MONSTAX) - 히어로 (HERO) Rooftop Ver.,[Special Clip] 몬스타엑스 (MONSTAX) - 히어로 (HERO) Rooftop Ver.,STARSHIP,monstax,,clip,ok
hwWgRzRu22c,youtube,https://www.youtube.com/watch?v=hwWgRzRu22c,[M/V] 헤일로 (HALO) - O.M.G.,[M/V] 헤일로 (HALO) - O.M.G.,,halo,,mv,http 403
a7cH5EAXNNg,youtube,https://www.youtube.com/watch?v=a7cH5EAXNNg,"2PM ""Comeback When You Hear This Song(이 노래를 듣고 돌아와)"" M/V","2PM ""Comeback When You Hear This Song(이 노래를 듣고 돌아와)"" M/V",JYP Entertainment,2pm,Comeback When You Hear This Song(이 노래를 듣고 돌아와),mv,ok
Q4vFviZ4qw0,youtube,https://www.youtube.com/watch?v=Q4vFviZ4qw0,GOT7 “Fly” M/V,GOT7 “Fly” M/V,JYP Entertainment,got7,Fly,mv,ok
ktc8XDBq93k,youtube,https://www.youtube.com/watch?v=ktc8XDBq93k,"GOT7 ""You Are” M/V","GOT7 ""You Are” M/V",JYP Entertainment,got7,You Are,mv,ok
UkY8HvgvBJ8,youtube,https://www.youtube.com/watch?v=UkY8HvgvBJ8,"[MV] 이달의 소녀/Olivia Hye (LOONA/올리비아 혜) ""Egoist (Feat. JinSoul)""","[MV] 이달의 소녀/Olivia Hye (LOONA/올리비아 혜) ""Egoist (Feat. JinSoul)""",loonatheworld,hye,Egoist (Feat. JinSoul),mv,ok
YlNQFvpjwYU,youtube,https://www.youtube.com/watch?v=YlNQFvpjwYU,시연 (드림캐쳐) '시작' MV,시연 (드림캐쳐) '시작' MV,Dreamcatcher official,시연,시작,mv,ok
pBkHVZRss_w,youtube,https://www.youtube.com/watch?v=pBkHVZRss_w,Drunken Tiger (드렁큰타이거) - 'YET' Official M/V,Drunken Tiger (드렁큰타이거) - 'YET' Official M/V,Feel Ghood Music [필굿뮤직],drunken-tiger,YET,mv,ok
54UOZDwQDyw,youtube,https://www.youtube.com/watch?v=54UOZDwQDyw,Tiger JK (타이거 JK) - '호심술 (Love Peace)' Official M/V,Tiger JK (타이거 JK) - '호심술 (Love Peace)' Official M/V,Feel Ghood Music [필굿뮤직],tiger-jk,호심술 (Love Peace),mv,ok
O5ZiP-9_P-M,youtube,https://www.youtube.com/watch?v=O5ZiP-9_P-M,"[푸마] PUMA X DEAN  I 거리를 지배하다, RUN THE STREETS","[푸마] PUMA X DEAN I 거리를 지배하다, RUN THE STREETS",PUMA,푸마,,other,ok
3TQd2ahq6oU,youtube,https://www.youtube.com/watch?v=3TQd2ahq6oU,트리플에스(tripleS) 'Rising' MV,트리플에스(tripleS) 'Rising' MV,tripleS official,triples,Rising,mv,ok
WpuatuzSDK4,youtube,https://www.youtube.com/watch?v=WpuatuzSDK4,SEVENTEEN (세븐틴) 'Rock with you' Official MV,SEVENTEEN (세븐틴) 'Rock with you' Official MV,HYBE LABELS,seventeen,Rock with you,mv,ok
xNjnk-z3OPE,youtube,https://www.youtube.com/watch?v=xNjnk-z3OPE,aespa — Get Goin’ (Official Music Video) | Fraggle Rock | Apple TV,aespa — Get Goin’ (Official Music Video) | Fraggle Rock | Apple TV+,Apple TV,aespa,,mv,ok
FG7NfcuICiA,youtube,https://www.youtube.com/watch?v=FG7NfcuICiA,DRIPPIN(드리핀) 'ZERO' Performance Video,DRIPPIN(드리핀) 'ZERO' Performance Video,DRIPPIN,drippin,ZERO,performance,ok
NrhiAhozWZk,youtube,https://www.youtube.com/watch?v=NrhiAhozWZk,[MV] Sam Kim(샘김) _ SEATTLE,[MV] Sam Kim(샘김) _ SEATTLE,1theK (원더케이),sam-kim,,mv,ok
HnnJGp04iNc,youtube,https://www.youtube.com/watch?v=HnnJGp04iNc,PRIMROSE(프림로즈) 'Cosmic' Official M/V,PRIMROSE 'Cosmic' Official M/V,프림로즈 PRIMROSE,primrose,Cosmic,mv,ok
id0c8yuwmTg,youtube,https://www.youtube.com/watch?v=id0c8yuwmTg,[MV] SF9(에스에프나인) _ Fanfare(팡파레),[MV] SF9(에스에프나인) _ Fanfare(팡파레),1theK (원더케이),sf9,,mv,ok
CT0_yyYgZo8,youtube,https://www.youtube.com/watch?v=CT0_yyYgZo8,MINHO 민호 'TEMPO' MV,MINHO 민호 'TEMPO' MV,SMTOWN,minho,TEMPO,mv,ok
8IMPpF2tIWI,youtube,https://www.youtube.com/watch?v=8IMPpF2tIWI,"QWER 'PLAY, WE, DEW' Official MV","QWER 'PLAY, WE, DEW' Official MV",QWER,qwer,"PLAY, WE, DEW",mv,ok
z3RTc-8J3CU,youtube,https://www.youtube.com/watch?v=z3RTc-8J3CU,"Girls' Generation - Genie, 소녀시대 - 소원을 말해봐, Music Core 20090718",,MBCkpop,girls-generation,,other,ok
k24UEMaLwEk,youtube,https://www.youtube.com/watch?v=k24UEMaLwEk,TAEYANG - ‘DARLING' M/V,TAEYANG - ‘DARLING' M/V,BIGBANG,taeyang,DARLING,mv,ok
Xo8FPXlI3CU,youtube,https://www.youtube.com/watch?v=Xo8FPXlI3CU,"Stray Kids ""어린 날개(Spread My Wings)"" Performance Video","Stray Kids ""어린 날개(Spread My Wings)"" Performance Video",JYP Entertainment,stray-kids,어린 날개(Spread My Wings),performance,ok
TnJqGMW4yts,youtube,https://www.youtube.com/watch?v=TnJqGMW4yts,BVNDIT (밴디트) - Hocus Pocus MV,BVNDIT (밴디트) - Hocus Pocus MV,STONE MUSIC,bvndit,,mv,ok
TzUgdLsRFjc,youtube,https://www.youtube.com/watch?v=TzUgdLsRFjc,AIMERS 에이머스 'Somebody' MV,AIMERS 에이머스 'Somebody' MV,AIMERS,aimers,Somebody,mv,ok
r1QapH1SIAI,youtube,https://www.youtube.com/watch?v=r1QapH1SIAI,fromis_9 (프로미스나인) 'LIKE YOU BETTER' MV,fromis_9 (프로미스나인) 'LIKE YOU BETTER' MV,fromis_9,fromis-9,LIKE YOU BETTER,mv,ok
8F61FXiYpP0,youtube,https://www.youtube.com/watch?v=8F61FXiYpP0,MEOVV - ‘TOXIC’ M/V,MEOVV - ‘TOXIC’ M/V,THEBLACKLABEL,meovv,TOXIC,mv,ok
2EtFv4apgvo,youtube,https://www.youtube.com/watch?v=2EtFv4apgvo,tripleS(トリプルエス) ∞! ‘アンタイトル (Untitled)’ Official MV,tripleS(トリプルエス) ∞! ‘アンタイトル (Untitled)’ Official MV,tripleS,triples,アンタイトル (Untitled),mv,ok
xfqBQ2XhBCg,youtube,https://www.youtube.com/watch?v=xfqBQ2XhBCg,ZICO (지코) ‘SPOT! (feat. JENNIE)’ Official MV,ZICO (지코) ‘SPOT! (feat. JENNIE)’ Official MV,HYBE LABELS,zico,SPOT! (feat. JENNIE),mv,ok
qfVuRQX0ydQ,youtube,https://www.youtube.com/watch?v=qfVuRQX0ydQ,[MV] Weeekly(위클리) _ After School,[MV] Weeekly(위클리) _ After School,1theK (원더케이),weeekly,,mv,ok
c9pgKj9OF18,youtube,https://www.youtube.com/watch?v=c9pgKj9OF18,"AleXa (알렉사) – ""Xtra"" Official MV (with BM of KARD)","AleXa (알렉사) – ""Xtra"" Official MV (with BM of KARD)",AleXa • ZB Label,alexa,Xtra,mv,ok
Vbne6s0e0rI,youtube,https://www.youtube.com/watch?v=Vbne6s0e0rI,핫이슈 (HOT ISSUE) - 'ICONS' Official MV,핫이슈 (HOT ISSUE) - 'ICONS' Official MV,핫이슈 HOT ISSUE,hot-issue,ICONS,mv,ok
DLKgKmc0Qlk,youtube,https://www.youtube.com/watch?v=DLKgKmc0Qlk,"NEXZ ""Keep on Moving"" M/V","NEXZ ""Keep on Moving"" M/V",JYP Entertainment,nexz,Keep on Moving,mv,ok
ZjqD3qtT6tE,youtube,https://www.youtube.com/watch?v=ZjqD3qtT6tE,[MV] YOUNGTAK(영탁) _ SuperSuper(슈퍼슈퍼),[MV] YOUNGTAK(영탁) _ SuperSuper(슈퍼슈퍼),1theK (원더케이),youngtak,,mv,ok
-2fXwtgWYXg,youtube,https://www.youtube.com/watch?v=-2fXwtgWYXg,WayV 威神V 'HIGH FIVE' MV,WayV 威神V 'HIGH FIVE' MV,SMTOWN,wayv,HIGH FIVE,mv,ok
H4H99b1CjPU,youtube,https://www.youtube.com/watch?v=H4H99b1CjPU,ATEEZ(에이티즈) - 'Lemon Drop' Official MV,ATEEZ(에이티즈) - 'Lemon Drop' Official MV,KQ ENTERTAINMENT,ateez,Lemon Drop,mv,ok
2pm8e8i4mGs,youtube,https://www.youtube.com/watch?v=2pm8e8i4mGs,EVNNE (이븐) 'How Can I Do' Official MV,EVNNE (이븐) 'How Can I Do' Official MV,EVNNE,evnne,How Can I Do,mv,ok
xC8E73x_85s,youtube,https://www.youtube.com/watch?v=xC8E73x_85s,ONE PACT 원팩트 'G.O.A.T' PERFORMANCE VIDEO,ONE PACT 원팩트 'G.O.A.T' PERFORMANCE VIDEO,ONE PACT,one-pact,G.O.A.T,performance,ok
9XttLI0oH0I,youtube,https://www.youtube.com/watch?v=9XttLI0oH0I,RESCENE (리센느) ‘LOVE ATTACK’ Official MV,RESCENE(리센느) ‘LOVE ATTACK’ Official M/V,RESCENE,rescene,LOVE ATTACK,mv,ok
2HcVZm_4qAI,youtube,https://www.youtube.com/watch?v=2HcVZm_4qAI,ATEEZ(에이티즈) - ‘Guerrilla’ Official MV,ATEEZ(에이티즈) - ‘Guerrilla’ Official MV,KQ ENTERTAINMENT,ateez,Guerrilla,mv,ok
OymA_K4qbKM,youtube,https://www.youtube.com/watch?v=OymA_K4qbKM,VANNER(배너) - 'Automatic' M/V,VANNER(배너) - 'Automatic' M/V,KLAP ENTERTAINMENT,vanner,Automatic,mv,ok
80SH8Z_DOnY,youtube,https://www.youtube.com/watch?v=80SH8Z_DOnY,TXT (투모로우바이투게더) 'Over The Moon' Official MV,TXT (투모로우바이투게더) 'Over The Moon' Official MV,HYBE LABELS,txt,Over The Moon,mv,ok
l4On7TQoM-M,youtube,https://www.youtube.com/watch?v=l4On7TQoM-M,MEOVV(미야오) - ‘DROP TOP’ M/V,MEOVV(미야오) - ‘DROP TOP’ M/V,THEBLACKLABEL,meovv,DROP TOP,mv,ok
Iy8-qPT8rQE,youtube,https://www.youtube.com/watch?v=Iy8-qPT8rQE,xikers(싸이커스) - 'Up All Night' Official MV,xikers(싸이커스) - 'Up All Night' Official MV,KQ ENTERTAINMENT,xikers,Up All Night,mv,ok
ufwB9Uja_wM,youtube,https://www.youtube.com/watch?v=ufwB9Uja_wM,Hearts2Hearts 하츠투하츠 'Pretty Please' MV,Hearts2Hearts 하츠투하츠 'Pretty Please' MV,SMTOWN,hearts2hearts,Pretty Please,mv,ok
hxVDkt_TI64,youtube,https://www.youtube.com/watch?v=hxVDkt_TI64,[MV] HEART OF WOMAN(하트오브우먼) _ ($.$)(달라),[MV] HEART OF WOMAN(하트오브우먼) _ ($.$)(달라),1theK (원더케이),heart-of-woman,,mv,ok
UUjLMDHlnGg,youtube,https://www.youtube.com/watch?v=UUjLMDHlnGg,박재범 (Jay Park) - ‘Gimme A Minute (Feat. CHUNG HA)’ Official Music Video,박재범 (Jay Park) - ‘Gimme A Minute (Feat. CHUNG HA)’ Official Music Video,JAY PARK,jay-park,Gimme A Minute (Feat. CHUNG HA),mv,ok
HvSxfGbB_Xw,youtube,https://www.youtube.com/watch?v=HvSxfGbB_Xw,NTX (엔티엑스) 'OVER N OVER' Official M/V,NTX (엔티엑스) - 'OVER N OVER' Official M/V,NTX,ntx,OVER N OVER,mv,ok
IPxDgf-g9Kw,youtube,https://www.youtube.com/watch?v=IPxDgf-g9Kw,XG - TGIF (Official Music Video),XG - TGIF (Official Music Video),XG,xg,,mv,ok
REpZEEpjMlc,youtube,https://www.youtube.com/watch?v=REpZEEpjMlc,WayV 威神V 'FREQUENCY (Korean Ver.)' MV,WayV 威神V 'FREQUENCY (Korean Ver.)' MV,SMTOWN,wayv,FREQUENCY (Korean Ver.),mv,ok
nJNR51KfaPE,youtube,https://www.youtube.com/watch?v=nJNR51KfaPE,AIMERS 에이머스 'Starry Night' MV,AIMERS 에이머스 'Starry Night' MV,AIMERS,aimers,Starry Night,mv,ok
qNeq0aRGk9I,youtube,https://www.youtube.com/watch?v=qNeq0aRGk9I,"[fl▶ylist] ‘ZICO - 너는 나 나는 너 (I Am You, You Are Me)’ cover by 서연","[fl▶ylist] ‘ZICO - 너는 나 나는 너 (I Am You, You Are Me)’ cover by 서연",Official fromis_9,zico,,cover,ok
HFt1cGu-AFU,youtube,https://www.youtube.com/watch?v=HFt1cGu-AFU,이지카이트 (Izykite) - 우리의 어둠에 별이 내려오네 [Lyric Video],이지카이트 (Izykite) - 우리의 어둠에 별이 내려오네 [Lyric Video],뉴런뮤직 neuron music,izykite,Lyric Video,other,ok
CKwqTCUY8M4,youtube,https://www.youtube.com/watch?v=CKwqTCUY8M4,아이묭(あいみょん) - Marigold (マリーゴールド) Cover by 미리듣기MiRi,아이묭(あいみょん) - Marigold (マリーゴールド) Cover by 미리듣기MiRi,싱어송라이터 미리 MIRI,아이묭,,cover,ok
cf4-NaLmqN4,youtube,https://www.youtube.com/watch?v=cf4-NaLmqN4,Billlie | Always Remember Us This Way | COVER BY MOON SUA,Billlie | Always Remember Us This Way | COVER BY MOON SUA,Billlie,billlie,,cover,ok
-Fd2sdSaby8,youtube,https://www.youtube.com/watch?v=-Fd2sdSaby8,[#LUCY] 한 편의 만화 같은📗 #우주소녀 #설아 님의 #전체관람가 #루시 #WJSN #SEOLA,[#LUCY] 한 편의 만화 같은📗 #우주소녀 #설아 님의 #전체관람가 #루시 #WJSN #SEOLA,LUCY ISLAND,,,other,ok
cUF8E4whOys,youtube,https://www.youtube.com/watch?v=cUF8E4whOys,Ryu Sujeong (류수정) 'Diamond' MV,Ryu Sujeong (류수정) 'Diamond' MV,all my anecdotes,ryu-sujeong,Diamond,mv,ok
xAc4-FS-2cA,youtube,https://www.youtube.com/watch?v=xAc4-FS-2cA,MCND(엠씨엔디) 'Devil Youth Club' MV,MCND(엠씨엔디) 'Devil Youth Club' MV,TOP MEDIA,mcnd,Devil Youth Club,mv,ok
uaAAG1e4mTc,youtube,https://www.youtube.com/watch?v=uaAAG1e4mTc,[M/V] 박봄(PARK BOM) - 4시44분 (feat. 휘인 of 마마무(Wheein of MAMAMOO)),[M/V] 박봄(PARK BOM) - 4시44분 (feat. 휘인 of 마마무(Wheein of MAMAMOO)),D-NATION,park-bom,,mv,ok
dVeuGA5KtAY,youtube,https://www.youtube.com/watch?v=dVeuGA5KtAY,퍼플키스(PURPLE KISS) '7HEAVEN' MV,퍼플키스(PURPLE KISS) '7HEAVEN' MV,PURPLE KISS,purple-kiss,7HEAVEN,mv,ok
1Lmy7qwmSMc,youtube,https://www.youtube.com/watch?v=1Lmy7qwmSMc,IVE 아이브 'BLACKHOLE' MV,IVE 아이브 'BLACKHOLE' MV,STARSHIP,ive,BLACKHOLE,mv,ok
vWuiSvJELEo,youtube,https://www.youtube.com/watch?v=vWuiSvJELEo,"[MV] Kid Milli, dress _ Bankroll (Feat. Okasian)","[MV] Kid Milli, dress _ Bankroll (Feat. Okasian)",1theK (원더케이),kid-milli ; dress,,mv,ok
KkyUE7TcBcs,youtube,https://www.youtube.com/watch?v=KkyUE7TcBcs,woo!ah! (우아!) - 'Rollercoaster' M/V,woo!ah! (우아!) - 'Rollercoaster' M/V,WOOAH 우아,woo-ah,Rollercoaster,mv,ok
lMr-NHi8j0U,youtube,https://www.youtube.com/watch?v=lMr-NHi8j0U,[📹하이라이트] 아슬x김완선 - '오늘밤  + 리듬속의 그 춤을' 콜라보 MV | 레벨업 아슬한 프로젝트,[📹하이라이트] 아슬x김완선 - '오늘밤 + 리듬속의 그 춤을' 콜라보 MV | 레벨업 아슬한 프로젝트,SMTOWN Friends,아슬x김완선,오늘밤 + 리듬속의 그 춤을,mv,ok
HefrSFeMyPs,youtube,https://www.youtube.com/watch?v=HefrSFeMyPs,xikers(싸이커스) - '도깨비집 (TRICKY HOUSE)' Official MV,xikers(싸이커스) - '도깨비집 (TRICKY HOUSE)' Official MV,KQ ENTERTAINMENT,xikers,도깨비집 (TRICKY HOUSE),mv,ok
8zT_ZXrsUVY,youtube,https://www.youtube.com/watch?v=8zT_ZXrsUVY,GreatGuys(멋진녀석들)-[Touch By Touch] MV  ENG ver.,GreatGuys(멋진녀석들)-[Touch By Touch] MV ENG ver.,DNA ENTERTAINMENT,greatguys,Touch By Touch,mv,ok
4QZu2LyemL4,youtube,https://www.youtube.com/watch?v=4QZu2LyemL4,[#퀸덤퍼즐] ♬Charismatic - DROP The Beat | PERFORMANCE VIDEO (4K) #QUEENDOMPUZZLE,[#퀸덤퍼즐] ♬Charismatic - DROP The Beat | PERFORMANCE VIDEO (4K) #QUEENDOMPUZZLE,Mnet K-POP,charismatic,,performance,ok
zHPvg6Xi6Us,youtube,https://www.youtube.com/watch?v=zHPvg6Xi6Us,온앤오프 (ONF) - 바람이 분다 (Love Effect) Special Video,온앤오프 (ONF) - 바람이 분다 (Love Effect) Special Video,ONF OFFICIAL,onf,,clip,ok
i0Bk73OEYq8,youtube,https://www.youtube.com/watch?v=i0Bk73OEYq8,ZEROBASEONE (제로베이스원) 'Back to ZEROBASE' Film,ZEROBASEONE (제로베이스원) 'Back to ZEROBASE' Film,ZEROBASEONE,zerobaseone,Back to ZEROBASE,clip,ok
y1GKbzYJiyg,youtube,https://www.youtube.com/watch?v=y1GKbzYJiyg,[ENG] 초콜릿 과다복용🍫 티모시 샬라메에게 혈당 스파이크😵‍💫 (feat. 웡카) | 루셈블어셈블 EP.07 with CLOVA Dubbing,[ENG] 초콜릿 과다복용🍫 티모시 샬라메에게 혈당 스파이크😵‍💫 (feat. 웡카) | 루셈블어셈블 EP.07,루셈블어셈블 | LOOSSEMBLE ASSEMBLE,초콜릿-과다복용-티모시-샬라메에게-혈당-스파이크,,other,ok
-SyNyQGxhEI,youtube,https://www.youtube.com/watch?v=-SyNyQGxhEI,TEN 텐 'Lie With You' Track Video,TEN 텐 'Lie With You' Track Video,NCT,ten,Lie With You,other,ok
hIb9MyqyNZw,youtube,https://www.youtube.com/watch?v=hIb9MyqyNZw,"BOY STORY ""Pump !t Up"" M/V","BOY STORY ""Pump !t Up"" M/V",JYP Entertainment,boy-story,Pump !t Up,mv,ok
_GhDDSjmNww,youtube,https://www.youtube.com/watch?v=_GhDDSjmNww,STAYC(스테이씨) '1 Thing' Performance Video,STAYC(스테이씨) '1 Thing' Performance Video,STAYC,stayc,1 Thing,performance,ok
0LiQp7y8Wwc,youtube,https://www.youtube.com/watch?v=0LiQp7y8Wwc,fromis_9 (프로미스나인) 'Supersonic' Official MV,fromis_9 (프로미스나인) 'Supersonic' Official MV,HYBE LABELS,fromis-9,Supersonic,mv,ok
MA_B8RU9BsQ,youtube,https://www.youtube.com/watch?v=MA_B8RU9BsQ,NCT 127 엔시티 127 '삐그덕 (Walk)' MV,NCT 127 엔시티 127 '삐그덕 (Walk)' MV,SMTOWN,nct-127,삐그덕 (Walk),mv,ok
11iZcYbq_is,youtube,https://www.youtube.com/watch?v=11iZcYbq_is,[MV] 이영지 - Small girl feat. 도경수 (D.O.),[MV] LEEYOUNGJI - Small girl feat. DOH KYUNG SOO (D.O.),이영지,이영지,,mv,ok
V3g_eVyvl8w,youtube,https://www.youtube.com/watch?v=V3g_eVyvl8w,CAMO - Only You (feat. Leellamarz) [Official Music Video],CAMO - Only You (feat. Leellamarz) [Official Music Video],502,camo,Official Music Video,mv,ok
t1jU35Xwi3Y,youtube,https://www.youtube.com/watch?v=t1jU35Xwi3Y,CLASS:y(클라씨) “Psycho and Beautiful“ M/V,CLASS:y(클라씨) “Psycho and Beautiful“ M/V,CLASSy(클라씨),class-y,,mv,ok
Zp-Jhuhq0bQ,youtube,https://www.youtube.com/watch?v=Zp-Jhuhq0bQ,BABYMONSTER - 'DRIP' M/V,BABYMONSTER - 'DRIP' M/V,BABYMONSTER,babymonster,DRIP,mv,ok
1uFEEzQN9dc,youtube,https://www.youtube.com/watch?v=1uFEEzQN9dc,[MV] BOL4(볼빨간사춘기) - Bloom,[MV] BOL4(볼빨간사춘기) - Bloom,SUPER SOUND Bugs!,bol4,,mv,ok
ZiuIL_krh8Q,youtube,https://www.youtube.com/watch?v=ZiuIL_krh8Q,DXMON(다이몬) '찍찍찍 (Zip Zip Zip)' Official MV,DXMON(다이몬) '찍찍찍 (Zip Zip Zip)' Official MV,DXMON (다이몬),dxmon,찍찍찍 (Zip Zip Zip),mv,ok
aJA8NgptOSw,youtube,https://www.youtube.com/watch?v=aJA8NgptOSw,[Official M/V] 키드밀리 (Kid Milli) - Do What Moves You with BACARDI,[Official M/V] 키드밀리 (Kid Milli) - Do What Moves You with BACARDI,AP Alchemy,kid-milli,,mv,ok
V3Xpaadt-RA,youtube,https://www.youtube.com/watch?v=V3Xpaadt-RA,UNIS(유니스) '너만 몰라 (Curious)' Official M/V,UNIS(유니스) '너만 몰라 (Curious)' Official M/V,UNIS,unis,너만 몰라 (Curious),mv,ok
dT4qG6x6Qfo,youtube,https://www.youtube.com/watch?v=dT4qG6x6Qfo,INI | 'Walkie Talkie' Performance Video,INI | 'Walkie Talkie' Performance Video,INI,ini,Walkie Talkie,performance,ok
kwU-8HvrO5k,youtube,https://www.youtube.com/watch?v=kwU-8HvrO5k,B.I (비아이) ‘Tasty’ Official MV,B.I (비아이) ‘Tasty’ Official MV,131online,b-i,Tasty,mv,ok
u0RSffjE0Ig,youtube,https://www.youtube.com/watch?v=u0RSffjE0Ig,NOWADAYS(나우어데이즈) '렛츠기릿 (Let's get it)' Official Music Video,NOWADAYS(나우어데이즈) '렛츠기릿 (Let's get it)' Official Music Video,NOWZ 나우즈 (Official YouTube Channel),nowadays,렛츠기릿 (Let,mv,ok
ldDJyYVA4S0,youtube,https://www.youtube.com/watch?v=ldDJyYVA4S0,BURVEY - 'CLAP' Dance Practice (Moving ver.),BURVEY(버비)-CLAP performance video,BURVEY,burvey,CLAP,performance,ok
PVbqyKzfAjI,youtube,https://www.youtube.com/watch?v=PVbqyKzfAjI,"MADEIN - ""SATURN"" MV","MADEIN - ""SATURN"" MV",MADEIN,madein,SATURN,mv,ok
imgur-Pqcj3tf,imgur,https://imgur.com/a/Pqcj3tf,,,,,,other,
624NpugNTi4,youtube,https://www.youtube.com/watch?v=624NpugNTi4,"NEXZ(넥스지) ""O-RLY?"" M/V","NEXZ(넥스지) ""O-RLY?"" M/V",JYP Entertainment,nexz,O-RLY?,mv,ok
FMX98ROVRCE,youtube,https://www.youtube.com/watch?v=FMX98ROVRCE,LISA - DREAM feat. Kentaro Sakaguchi (Official Short Film MV),LISA - DREAM feat. Kentaro Sakaguchi (Official Short Film MV),LLOUD Official,lisa,,mv,ok
f8mkCg5T2gE,youtube,https://www.youtube.com/watch?v=f8mkCg5T2gE,모모랜드 (MOMOLAND) - RODEO [Music Video],모모랜드 (MOMOLAND) - RODEO [Music Video],MOMOLAND (모모랜드),momoland,Music Video,mv,ok
ig-DQlqeDGkj1G,instagram_post,https://www.instagram.com/p/DQlqeDGkj1G,,,,,,other,
SksA5JlCtI8,youtube,https://www.youtube.com/watch?v=SksA5JlCtI8,CRAVITY 크래비티 'Lemonade Fever' MV,CRAVITY 크래비티 'Lemonade Fever' MV,STARSHIP,cravity,Lemonade Fever,mv,ok
cwgA7QerOC0,youtube,https://www.youtube.com/watch?v=cwgA7QerOC0,"YAOCHEN(야오천) - ""ROLL THE DICE"" M/V","YAOCHEN(야오천) - ""ROLL THE DICE"" M/V",JYP Entertainment,yaochen,ROLL THE DICE,mv,ok
tqGcOmgTq_U,youtube,https://www.youtube.com/watch?v=tqGcOmgTq_U,Queenz Eye  |  2nd Mini Album [PRISM EP.02] 'Y2K' MV,Queenz Eye | 2nd Mini Album [PRISM EP.02] 'Y2K' MV,Queenz Eye,queenz-eye,PRISM EP.02,mv,ok
7x5Apnkx6ec,youtube,https://www.youtube.com/watch?v=7x5Apnkx6ec,TUNEXX 'BLUE MODE' MV,TUNEXX 'BLUE MODE' MV,TUNEXX ,tunexx,BLUE MODE,mv,ok
ZEjlls0-4Ag,youtube,https://www.youtube.com/watch?v=ZEjlls0-4Ag,펜타곤(PENTAGON) - ‘겁쟁이’ Official Music Video,펜타곤(PENTAGON) - ‘겁쟁이’ Official Music Video,PENTAGON 펜타곤 (Official YouTube Channel),pentagon,겁쟁이,mv,ok
9cJIVzT7YVY,youtube,https://www.youtube.com/watch?v=9cJIVzT7YVY,[무슈스 x 리센느] 무슈스 함 무 보이소_사투리 ver.,[무슈스 x 리센느] 무슈스 함 무 보이소_사투리 ver.,도미노피자,,,other,ok
glXgSSOKlls,youtube,https://www.youtube.com/watch?v=glXgSSOKlls,Red Velvet 레드벨벳 'Ice Cream Cake' MV,Red Velvet 레드벨벳 'Ice Cream Cake' MV,SMTOWN,red-velvet,Ice Cream Cake,mv,ok
gbCw_Jj6hDI,youtube,https://www.youtube.com/watch?v=gbCw_Jj6hDI,JUST B (저스트비) 'ME= (나는)' Official MV,JUST B (저스트비) 'ME= (나는)' Official MV,JUST B,just-b,ME= (나는),mv,ok
vcSjLaQ4PQo,youtube,https://www.youtube.com/watch?v=vcSjLaQ4PQo,B1A4 - SOLO DAY (Full ver.),B1A4 - SOLO DAY (Full ver.),B1A4 OFFICIAL +,b1a4,,other,ok
VGnOpZhsPk4,youtube,https://www.youtube.com/watch?v=VGnOpZhsPk4,ATEEZ(에이티즈) - 'WORK' Official MV,ATEEZ(에이티즈) - 'WORK' Official MV,KQ ENTERTAINMENT,ateez,WORK,mv,ok
EtecXqZnSDA,youtube,https://www.youtube.com/watch?v=EtecXqZnSDA,ablume(어블룸) ‘Echo’ Official MV,ablume(어블룸) ‘Echo’ Official MV,ablume,ablume,Echo,mv,ok
yXj6s7KbkDU,youtube,https://www.youtube.com/watch?v=yXj6s7KbkDU,[MV] BAE173 _ Fifty-Fifty,[MV] BAE173 _ Fifty-Fifty,1theK (원더케이),bae173,,mv,ok
1BROMl-k28k,youtube,https://www.youtube.com/watch?v=1BROMl-k28k,"BOY STORY ""Z.I.P (Zero Is the only Passion)"" M/V","BOY STORY ""Z.I.P (Zero Is the only Passion)"" M/V",JYP Entertainment,boy-story,Z.I.P (Zero Is the only Passion),mv,ok
wUuruvYbp14,youtube,https://www.youtube.com/watch?v=wUuruvYbp14,퍼플키스(PURPLE KISS) 'Pretty Psycho' Performance Video,퍼플키스(PURPLE KISS) 'Pretty Psycho' Performance Video,PURPLE KISS,purple-kiss,Pretty Psycho,performance,ok
Sxunv8l446U,youtube,https://www.youtube.com/watch?v=Sxunv8l446U,X:IN (엑신) 'KEEPING THE FIRE' M/V,X:IN 엑신 'KEEPING THE FIRE' M/V,X:IN,x-in,KEEPING THE FIRE,mv,ok
HNUYaAkuoiY,youtube,https://www.youtube.com/watch?v=HNUYaAkuoiY,BLITZERS(블리처스) - Breathe Again Official MV,BLITZERS(블리처스) - Breathe Again Official MV,BLITZERS OFFICIAL,blitzers,,mv,ok
VbIf3z2SqHg,youtube,https://www.youtube.com/watch?v=VbIf3z2SqHg,[STATION : NCT LAB] MARK 마크 'Child' MV,[STATION : NCT LAB] MARK 마크 'Child' MV,SMTOWN,mark,Child,mv,ok
ZYi4lmmKRrY,youtube,https://www.youtube.com/watch?v=ZYi4lmmKRrY,더보이즈 (THE BOYZ) – ‘Drink It’ Official Music Video,더보이즈 (THE BOYZ) – ‘Drink It’ Official Music Video,GENIE MUSIC,the-boyz,Drink It,mv,ok
WG6obN0sHCI,youtube,https://www.youtube.com/watch?v=WG6obN0sHCI,EPEX(이펙스)-Lock Down M/V,EPEX(이펙스)-Lock Down M/V,EPEX,epex,,mv,ok
US8zsyQm3kc,youtube,https://www.youtube.com/watch?v=US8zsyQm3kc,P1Harmony (피원하모니) - '겁나니 (Scared)' MV,P1Harmony (피원하모니) - '겁나니 (Scared)' MV,FNCEnt,p1harmony,겁나니 (Scared),mv,ok
_cWIJ9FoqMk,youtube,https://www.youtube.com/watch?v=_cWIJ9FoqMk,화사(HWASA) X SWF2 - Chili MV,화사(HWASA) X SWF2 - Chili MV,The CHOOM (더 춤),hwasa ; swf2,,mv,ok
flzPgFZlHTg,youtube,https://www.youtube.com/watch?v=flzPgFZlHTg,ONEUS(원어스) 'TRICKSTER' - EP.1 Trickster : The Choice is Ours,ONEUS(원어스) 'TRICKSTER' - EP.1 Trickster : The Choice is Ours,ONEUS,oneus,TRICKSTER,other,ok
nYY5tz-PTzY,youtube,https://www.youtube.com/watch?v=nYY5tz-PTzY,[THE 8 Contemporary ART] THE 8 - 深渊 (Abyss),[THE 8 Contemporary ART] THE 8 - 深渊 (Abyss),SEVENTEEN,the-8,,other,ok
Qr6HmcxI2s0,youtube,https://www.youtube.com/watch?v=Qr6HmcxI2s0,FEARLESS TRAILER 'The World Is My Oyster' - LE SSERAFIM,FEARLESS TRAILER 'The World Is My Oyster' - LE SSERAFIM,HYBE LABELS,fearless-trailer,The World Is My Oyster,clip,ok
zuMam6-0NFc,youtube,https://www.youtube.com/watch?v=zuMam6-0NFc,ONEWE(원위) '추억의 소각장 (Beautiful Ashes)' MV,ONEWE(원위) '추억의 소각장 (Beautiful Ashes)' MV,ONEWE,onewe,추억의 소각장 (Beautiful Ashes),mv,ok
etjQd0wgUTo,youtube,https://www.youtube.com/watch?v=etjQd0wgUTo,"Stray Kids ""땡(FREEZE)"" Video","Stray Kids ""땡(FREEZE)"" Video",Stray Kids,stray-kids,땡(FREEZE),other,ok
n0j5NPptyM0,youtube,https://www.youtube.com/watch?v=n0j5NPptyM0,Kep1er 케플러 | ‘WA DA DA’ M/V,Kep1er 케플러 | ‘WA DA DA’ M/V,Kep1er,kep1er,WA DA DA,mv,ok
A53rrCecxtM,youtube,https://www.youtube.com/watch?v=A53rrCecxtM,NCT DREAM 엔시티 드림 'Moonlight' MV,NCT DREAM 엔시티 드림 'Moonlight' MV,SMTOWN,nct-dream,Moonlight,mv,ok
KejJaqnggwc,youtube,https://www.youtube.com/watch?v=KejJaqnggwc,CSR(첫사랑) 'Pretty mob' OFFICIAL MV,CSR(첫사랑) 'Pretty mob' OFFICIAL MV,첫사랑(CSR),csr,Pretty mob,mv,ok
-FT-UajbesM,youtube,https://www.youtube.com/watch?v=-FT-UajbesM,n.SSign(엔싸인) - 'Tiger (New Flavour)' MV,n.SSign(엔싸인) - 'Tiger (New Flavour)' MV,nSSign,n-ssign,Tiger (New Flavour),mv,ok
IY3EflLx_9s,youtube,https://www.youtube.com/watch?v=IY3EflLx_9s,HWASA [FOMO] VISUAL VIDEO,HWASA [FOMO] VISUAL VIDEO,HWASA,hwasa,FOMO,other,ok
Bn__3gkWBto,youtube,https://www.youtube.com/watch?v=Bn__3gkWBto,남우현(Nam Woo Hyun) ‘냉정과 열정 사이’ MV,남우현(Nam Woo Hyun) ‘냉정과 열정 사이’ MV,woolliment,nam-woo-hyun,냉정과 열정 사이,mv,ok
OOM4j8HGrB0,youtube,https://www.youtube.com/watch?v=OOM4j8HGrB0,RAMENGVRL (feat. pH-1) - Ain’t No MF (Official Music Video),RAMENGVRL (feat. pH-1) - Ain’t No MF (Official Music Video),RAMENGVRL,ramengvrl,,mv,ok
-qEC0JiAGuU,youtube,https://www.youtube.com/watch?v=-qEC0JiAGuU,[M/V] 허찬조 (HEOCHANZO) - Lonely Boy (Feat. BIGONE),Neal - Lonely Boy (Feat. BIGONE) M/V,STONESHIP,heochanzo,,mv,ok
3iA5uHLF9xk,youtube,https://www.youtube.com/watch?v=3iA5uHLF9xk,"[MV] 코드 쿤스트,잔나비 최정훈,사이먼 도미닉 _ 사라진 모든 것들에게(with ELLE KOREA)","[MV] 코드 쿤스트,잔나비 최정훈,사이먼 도미닉 _ 사라진 모든 것들에게(with ELLE KOREA)",1theK (원더케이),코드-쿤스트 ; 잔나비-최정훈 ; 사이먼-도미닉,,mv,ok
tE4PviEbSgA,youtube,https://www.youtube.com/watch?v=tE4PviEbSgA,"The Purge (Official Video) - Jay Park, pH-1, BIG Naughty , Woodie Gochild, HAON, TRADE L, Sik-K","The Purge (Official Video) - Jay Park, pH-1, BIG Naughty , Woodie Gochild, HAON, TRADE L, Sik-K",H1GHR MUSIC,the-purge,,mv,ok
W7QJs7Fjl7Y,youtube,https://www.youtube.com/watch?v=W7QJs7Fjl7Y,[MV] Jade - No more (feat. CHE) / Official Music Video,[MV] Jade - No more (feat. CHE) / Official Music Video,POCLANOS,jade,,mv,ok
jx5qRBdQ2hw,youtube,https://www.youtube.com/watch?v=jx5qRBdQ2hw,CSR(첫사랑) 'Higher' OFFICIAL MV | 1st JAPAN MINI ALBUM,CSR(첫사랑) 'Higher' OFFICIAL MV | 1st JAPAN MINI ALBUM,첫사랑(CSR),csr,Higher,mv,ok
qedonJosQ3g,youtube,https://www.youtube.com/watch?v=qedonJosQ3g,ENHYPEN (엔하이픈) 'Sweet Venom' Official MV,ENHYPEN (엔하이픈) 'Sweet Venom' Official MV,HYBE LABELS,enhypen,Sweet Venom,mv,ok
A7gXSXm1Vvs,youtube,https://www.youtube.com/watch?v=A7gXSXm1Vvs,CRAVITY 크래비티 'C'est La Vie' MV,CRAVITY 크래비티 'C'est La Vie' MV,STARSHIP,cravity,C,mv,ok
z8Eu-HU0sWQ,youtube,https://www.youtube.com/watch?v=z8Eu-HU0sWQ,Billlie | 'RING ma Bell (what a wonderful world)' M/V,Billlie | 'RING ma Bell (what a wonderful world)' M/V,Billlie,billlie,RING ma Bell (what a wonderful world),mv,ok
czNpAdU9W7g,youtube,https://www.youtube.com/watch?v=czNpAdU9W7g,Lil Moshpit X Fleeky Bang - How We Came (Feat. pH-1) (Official Video),Lil Moshpit X Fleeky Bang - How We Came (Feat. pH-1) (Official Video),H1GHR MUSIC,lil-moshpit ; fleeky-bang,,mv,ok
KRgbVo4OTKQ,youtube,https://www.youtube.com/watch?v=KRgbVo4OTKQ,iKON - 딴따라 Tantara MV Performance Ver,iKON - 딴따라 Tantara MV Performance Ver,iKON,ikon,,mv,ok
b3GYcA7j5mg,youtube,https://www.youtube.com/watch?v=b3GYcA7j5mg,"Stray Kids ""TOPLINE (Feat. Tiger JK)"" Video","Stray Kids ""TOPLINE (Feat. Tiger JK)"" Video",Stray Kids,stray-kids,TOPLINE (Feat. Tiger JK),other,ok
eWACEO8l9KI,youtube,https://www.youtube.com/watch?v=eWACEO8l9KI,mimiirose(미미로즈) 'FLIRTING' M/V,mimiirose(미미로즈) 'FLIRTING' M/V,MIMIIROSE(미미로즈),mimiirose,FLIRTING,mv,ok
pgxBMYqZ92s,youtube,https://www.youtube.com/watch?v=pgxBMYqZ92s,LUN8 루네이트 - SUPER POWER M/V,LUN8 루네이트 - SUPER POWER M/V,fantagio 판타지오,lun8,,mv,ok
5U9_FjHELnY,youtube,https://www.youtube.com/watch?v=5U9_FjHELnY,박지훈(PARK JIHOON) 'Blank Effect (무표정)' Official M/V,박지훈(PARK JIHOON) 'Blank Effect (무표정)' Official M/V,PARK JIHOON Official,park-jihoon,Blank Effect (무표정),mv,ok
2OJsgX3hva8,youtube,https://www.youtube.com/watch?v=2OJsgX3hva8,FIFTY FIFTY (피프티피프티) - ‘Log in'  - PERFORMANCE VIDEO,FIFTY FIFTY (피프티피프티) - ‘Log in' - PERFORMANCE VIDEO,FIFTY FIFTY Official,fifty-fifty,Log in,performance,ok
vPQasPdd6fI,youtube,https://www.youtube.com/watch?v=vPQasPdd6fI,VERNON 'Black Eye' Official MV,VERNON 'Black Eye' Official MV,HYBE LABELS,vernon,Black Eye,mv,ok
XjkTVx9V5dE,youtube,https://www.youtube.com/watch?v=XjkTVx9V5dE,[M/V] 'The One' 드리핀(DRIPPIN),[M/V] 'The One' 드리핀(DRIPPIN),woolliment,,The One,mv,ok
oZQ-guD9BD8,youtube,https://www.youtube.com/watch?v=oZQ-guD9BD8,위아이(WEi) 'Spray' M/V,위아이(WEi) 'Spray' M/V,WEi,wei,Spray,mv,ok
_5XYcvm2hpg,youtube,https://www.youtube.com/watch?v=_5XYcvm2hpg,[DKZ] '호랑이가 쫓아온다 (Uh-Heung)' MV,[DKZ] 'Uh-Heung' MV,DKZ,dkz,호랑이가 쫓아온다 (Uh-Heung),mv,ok
5UdoUmvu_n8,youtube,https://www.youtube.com/watch?v=5UdoUmvu_n8,TRI.BE - KISS,TRI.BE - KISS,TriBeVEVO,tri-be,,other,ok
OqVgOyrJsng,youtube,https://www.youtube.com/watch?v=OqVgOyrJsng,VICTON 빅톤 'Stupid O'clock' MV,VICTON 빅톤 'Stupid O'clock' MV,VICTON 빅톤,victon,Stupid O,mv,ok
AWg20guw4pk,youtube,https://www.youtube.com/watch?v=AWg20guw4pk,AB6IX (에이비식스) 'SAVIOR' M/V,AB6IX (에이비식스) 'SAVIOR' M/V,BRANDNEW MUSIC,ab6ix,SAVIOR,mv,ok
_ibx5tYExG4,youtube,https://www.youtube.com/watch?v=_ibx5tYExG4,[STATION : NCT LAB] NCT U 엔시티 유 'coNEXTion (Age of Light)' Performance Video,[STATION : NCT LAB] NCT U 엔시티 유 'coNEXTion (Age of Light)' Performance Video,SMTOWN,nct-u,coNEXTion (Age of Light),performance,ok
B1J1lxqmd4w,youtube,https://www.youtube.com/watch?v=B1J1lxqmd4w,PRECIOUS(프레셔스) 'BEBE(놀라도 돼!)' Official Music Video,PRECIOUS(프레셔스) 'BEBE(놀라도 돼!)' Official Music Video,PRECIOUS,precious,BEBE(놀라도 돼!),mv,ok
2OjCMR8DGLg,youtube,https://www.youtube.com/watch?v=2OjCMR8DGLg,"AleXa (알렉사) – ""Bomb"" Official MV","AleXa (알렉사) – ""Bomb"" Official MV",AleXa • ZB Label,alexa,Bomb,mv,ok
uPA19tn79Xg,youtube,https://www.youtube.com/watch?v=uPA19tn79Xg,NCT DREAM 엔시티 드림 'Quiet Down' Track Video #4,NCT DREAM 엔시티 드림 'Quiet Down' Track Video #4,NCT DREAM,nct-dream,Quiet Down,other,ok
cBmyToXssjE,youtube,https://www.youtube.com/watch?v=cBmyToXssjE,VERIVERY - 'Thunder' Official M/V,VERIVERY - 'Thunder' Official M/V,VERIVERY,verivery,Thunder,mv,ok
-1HI2yiZ8Lg,youtube,https://www.youtube.com/watch?v=-1HI2yiZ8Lg,ATEEZ - ROCKY (Boxers Ver.) Official Music Video,ATEEZ - ROCKY (Boxers Ver.) Official Music Video,日本コロムビア 公式YouTubeチャンネル,ateez,,mv,ok
FeKWYTW8kj8,youtube,https://www.youtube.com/watch?v=FeKWYTW8kj8,[MV] Han Yo Han(한요한) _ Break up! (Feat. CHANGMO(창모)),[MV] Han Yo Han(한요한) _ Break up! (Feat. CHANGMO(창모)),1theK (원더케이),han-yo-han,,mv,ok
ipSUlGEfwCQ,youtube,https://www.youtube.com/watch?v=ipSUlGEfwCQ,TIOT(티아이오티) 'ROCK THANG' MV,TIOT(티아이오티) 'ROCK THANG' MV,TIOT 티아이오티,tiot,ROCK THANG,mv,ok
jyyNk9iZVqc,youtube,https://www.youtube.com/watch?v=jyyNk9iZVqc,The KingDom(더킹덤) 'Flip that Coin' MV,The KingDom(더킹덤) 'Flip that Coin' MV,The KingDom (더킹덤),the-kingdom,Flip that Coin,mv,ok
Hk1dquql4zg,youtube,https://www.youtube.com/watch?v=Hk1dquql4zg,SHINee 샤이니 'Sherlock•셜록 (Clue + Note) (Band Ver.)' @SHINee’s 15m - Roadtrip Comeback Show,SHINee 샤이니 'Sherlock•셜록 (Clue + Note) (Band Ver.)' @SHINee’s 15m - Roadtrip Comeback Show,SHINee,shinee,Sherlock•셜록 (Clue + Note) (Band Ver.),other,ok
2R_S5TgDWMY,youtube,https://www.youtube.com/watch?v=2R_S5TgDWMY,NCT DREAM 엔시티 드림 'Broken Melodies' MV,NCT DREAM 엔시티 드림 'Broken Melodies' MV,SMTOWN,nct-dream,Broken Melodies,mv,ok
e6O84iYhtIg,youtube,https://www.youtube.com/watch?v=e6O84iYhtIg,"ATEEZ (에이티즈) - ‘HALA HALA (Hearts Awakened, Live Alive)’ Official MV (Performance ver.)","ATEEZ (에이티즈) - ‘HALA HALA (Hearts Awakened, Live Alive)’ Official MV (Performance ver.)",STONE MUSIC,ateez,"HALA HALA (Hearts Awakened, Live Alive)",mv,ok
UWoyeuwj9c0,youtube,https://www.youtube.com/watch?v=UWoyeuwj9c0,"Stray Kids ""Double Knot"" M/V","Stray Kids ""Double Knot"" M/V",JYP Entertainment,stray-kids,Double Knot,mv,ok
bT2AMc8hI6A,youtube,https://www.youtube.com/watch?v=bT2AMc8hI6A,Weki Meki 위키미키 - Crush M/V,Weki Meki 위키미키 - Crush M/V,Weki Meki 위키미키,weki-meki,,mv,ok
AFJPFfnzZ7w,youtube,https://www.youtube.com/watch?v=AFJPFfnzZ7w,"[MV] 이달의 소녀 (LOONA) ""favOriTe""","[MV] 이달의 소녀 (LOONA) ""favOriTe""",loonatheworld,loona,favOriTe,mv,ok
TSA9VZduuZ4,youtube,https://www.youtube.com/watch?v=TSA9VZduuZ4,[MV] 몬스타엑스(MONSTA X) - JEALOUSY,[MV] MONSTA X (MONSTA X) - JEALOUSY,STARSHIP,monsta-x,,mv,ok
RlMg8FbcP7g,youtube,https://www.youtube.com/watch?v=RlMg8FbcP7g,BoA 보아 'Woman' MV,BoA 보아 'Woman' MV,SMTOWN,boa,Woman,mv,ok
ByLrmZJ7VdI,youtube,https://www.youtube.com/watch?v=ByLrmZJ7VdI,VAV(브이에이브이)_예쁘다고(Gorgeous)_Music Video,VAV(브이에이브이)_예쁘다고(Gorgeous)_Music Video,A team,vav,,mv,ok
p4RIhcY7V3c,youtube,https://www.youtube.com/watch?v=p4RIhcY7V3c,(여자)아이들((G)I-DLE) - 'LATATA' Official Music Video,(G) I-DLE - 'LATATA' Official Music Video,i-dle (아이들),g-i-dle,LATATA,mv,ok
ASekpYn6V8I,youtube,https://www.youtube.com/watch?v=ASekpYn6V8I,3YE(써드아이) - YESSIR | M/V,3YE(써드아이) - YESSIR | M/V,3YE OFFICIAL,3ye,,mv,ok
wMj3sLP_azg,youtube,https://www.youtube.com/watch?v=wMj3sLP_azg,공원소녀 GWSN 'BAZOOKA!' MV,공원소녀 GWSN 'BAZOOKA!' MV,공원소녀 GWSN OFFICIAL,gwsn,BAZOOKA!,mv,ok
jFMN68qg4rg,youtube,https://www.youtube.com/watch?v=jFMN68qg4rg,1MILLION X Free Fire - All in,1MILLION X Free Fire - All in,1MILLION Dance Studio,1million ; free-fire,,other,ok
srWfDwiRVgQ,youtube,https://www.youtube.com/watch?v=srWfDwiRVgQ,RAIN (비) - WHY DON’T WE (Feat. 청하 (CHUNG HA)) MV,RAIN (비) - WHY DON’T WE (Feat. 청하 (CHUNG HA)) MV,RAIN's Official Channel,rain,,mv,ok
ZiqNCnyWIQ4,youtube,https://www.youtube.com/watch?v=ZiqNCnyWIQ4,[MV] BewhY(비와이) _ Newly(새로이) (Prod. Viann) (Iteawon Class Webtoon(이태원 클라쓰 웹툰) OST),[MV] BewhY(비와이) _ Newly(새로이) (Prod. Viann) (Iteawon Class Webtoon(이태원 클라쓰 웹툰) OST),1theK (원더케이),bewhy,,mv,ok
JwCGWTZrfYY,youtube,https://www.youtube.com/watch?v=JwCGWTZrfYY,MXM (BRANDNEWBOYS) – ‘식어버린 온도 (GONE COLD)’ Official M/V,MXM (BRANDNEWBOYS) – ‘식어버린 온도 (GONE COLD)’ Official M/V,MXM,mxm,식어버린 온도 (GONE COLD),mv,ok
DsouXE31I6k,youtube,https://www.youtube.com/watch?v=DsouXE31I6k,[M/V] 박봄(PARK BOM) - 봄(Spring) (feat. 산다라박(sandara park)),[M/V] 박봄(PARK BOM) - 봄(Spring) (feat. 산다라박(sandara park)),D-NATION,park-bom,,mv,ok
6DBCHAEhDIk,youtube,https://www.youtube.com/watch?v=6DBCHAEhDIk,"*Official MV* [UNB]유앤비 ""블랙하트(BLACK HEART)""","*Official MV* UNB ""BLACK HEART""",PocketDol Studio,official-mv,UNB,mv,ok
RMJFEvHvmD0,youtube,https://www.youtube.com/watch?v=RMJFEvHvmD0,AB6IX (에이비식스) 'BREATHE' M/V,AB6IX 'BREATHE' M/V,BRANDNEW MUSIC,ab6ix,BREATHE,mv,ok
V8FXWf0s7K0,youtube,https://www.youtube.com/watch?v=V8FXWf0s7K0,[MV] 솔라(SOLAR) - 뱉어(Spit it out),[MV] SOLAR (솔라) - Spit it out (뱉어),MAMAMOO,solar,,mv,ok
PXE2Ykf8fXQ,youtube,https://www.youtube.com/watch?v=PXE2Ykf8fXQ,[M/V] REFUND SISTERS(환불원정대) - DON'T TOUCH ME,[M/V] REFUND SISTERS(환불원정대) - DON'T TOUCH ME,SUPER SOUND Bugs!,refund-sisters,,mv,ok
ECkZ2eKGyck,youtube,https://www.youtube.com/watch?v=ECkZ2eKGyck,레인즈 (RAINZ) - Turn it up Official M/V,레인즈 (RAINZ) - Turn it up Official M/V,GENIE MUSIC,rainz,,mv,ok
r53kfcRT-oQ,youtube,https://www.youtube.com/watch?v=r53kfcRT-oQ,송소희 Song Sohee - 공중무용 (GANGGANGSULLAE),송소희(Song Sohee) - 공중무용 (GANGGANGSULLAE) [Official M/V],송소희 Song Sohee,song-sohee,,other,ok
WgDRLNgzztU,youtube,https://www.youtube.com/watch?v=WgDRLNgzztU,RESCENE (리센느) - Heart Dropㅣ오픈 캔버스ㅣ4KㅣThe Artist Canvas,RESCENE (리센느) - Heart Dropㅣ오픈 캔버스ㅣ4KㅣThe Artist Canvas,The Artist Canvas,rescene,,other,ok
4-ba6z64nlQ,youtube,https://www.youtube.com/watch?v=4-ba6z64nlQ,ALL(H)OURS (올아워즈) ‘DEAD MAN WALKING’ Official M/V,ALL(H)OURS (올아워즈) ‘DEAD MAN WALKING’ Official M/V,올아워즈 ALL(H)OURS ,all-h-ours,DEAD MAN WALKING,mv,ok
1inY1P4Xn6Y,youtube,https://www.youtube.com/watch?v=1inY1P4Xn6Y,"Stray Kids ""타(TA)"" Dance Practice Video","Stray Kids ""타(TA)"" Dance Practice Video",Stray Kids,stray-kids,타(TA),performance,ok
msOGCJC-EgI,youtube,https://www.youtube.com/watch?v=msOGCJC-EgI,DIGNITY (디그니티) 'SLIPSHOT' OFFICIAL MV,DIGNITY (디그니티) 'SLIPSHOT' OFFICIAL MV,디그니티 (DIGNITY),dignity,SLIPSHOT,mv,ok
pDT9AeSeLVs,youtube,https://www.youtube.com/watch?v=pDT9AeSeLVs,Billlie | 'flipp!ng a coin' Performance Video,Billlie | 'flipp!ng a coin' Performance Video,Billlie,billlie,flipp!ng a coin,performance,ok
pNfTK39k55U,youtube,https://www.youtube.com/watch?v=pNfTK39k55U,"ITZY ""달라달라(DALLA DALLA)"" M/V @ITZY","ITZY ""달라달라(DALLA DALLA)"" M/V @ITZY",JYP Entertainment,itzy,달라달라(DALLA DALLA),mv,ok
3uTHwYslLgs,youtube,https://www.youtube.com/watch?v=3uTHwYslLgs,AleXa (알렉사) – 'Under The Armor' Official MV,AleXa (알렉사) – 'Under The Armor' Official MV,AleXa • ZB Label,alexa,Under The Armor,mv,ok
9iV-RmWapk8,youtube,https://www.youtube.com/watch?v=9iV-RmWapk8,"Xdinary Heroes ""Beautiful Life"" M/V","Xdinary Heroes ""Beautiful Life"" M/V",JYP Entertainment,xdinary-heroes,Beautiful Life,mv,ok
IV6yrrLyhCA,youtube,https://www.youtube.com/watch?v=IV6yrrLyhCA,CRAVITY 크래비티 'SET NET G0?!' MV,CRAVITY 크래비티 'SET NET G0?!' MV,STARSHIP,cravity,SET NET G0?!,mv,ok
sswmsnPigDc,youtube,https://www.youtube.com/watch?v=sswmsnPigDc,TXT (투모로우바이투게더) 'Can't Stop' Official MV,TXT (투모로우바이투게더) 'Can't Stop' Official MV,HYBE LABELS,txt,Can,mv,ok
Q1JiptOTxno,youtube,https://www.youtube.com/watch?v=Q1JiptOTxno,[EXID(이엑스아이디)] 내일해(LADY) 뮤직 비디오 (Official Music Video),[EXID(이엑스아이디)] 내일해(LADY) 뮤직 비디오 (Official Music Video),EXID_OFFICIAL,exid,,mv,ok
JkKNqaEl9Aw,youtube,https://www.youtube.com/watch?v=JkKNqaEl9Aw,"NEXZ(넥스지) ""Legacy"" Performance Video","NEXZ(넥스지) ""Legacy"" Performance Video",JYP Entertainment,nexz,Legacy,performance,ok
6IFeGqSqrKs,youtube,https://www.youtube.com/watch?v=6IFeGqSqrKs,LE SSERAFIM (르세라핌) ‘BOOMPALA' OFFICIAL PERFORMANCE FILM @ THE QUARRY,LE SSERAFIM (르세라핌) ‘BOOMPALA' OFFICIAL PERFORMANCE FILM @ THE QUARRY,HYBE LABELS,le-sserafim,BOOMPALA,performance,ok
ts7-qWkpKYA,youtube,https://www.youtube.com/watch?v=ts7-qWkpKYA,CHUNG HA 청하 | Digital Single [México] Music Video,CHUNG HA 청하 | Digital Single [México] Music Video,CHUNG HA 청하,chung-ha,México,mv,ok
sadl9Ujgnms,youtube,https://www.youtube.com/watch?v=sadl9Ujgnms,EVNNE (이븐) '뱉어 (Backtalk)' Official MV,EVNNE (이븐) '뱉어 (Backtalk)' Official MV,EVNNE,evnne,뱉어 (Backtalk),mv,ok
bXYcla36v_o,youtube,https://www.youtube.com/watch?v=bXYcla36v_o,TAEYONG 태용 'Storm' Classy Performance Video,TAEYONG 태용 'Storm' Classy Performance Video,NCT,taeyong,Storm,performance,ok
TJR0VM8jof0,youtube,https://www.youtube.com/watch?v=TJR0VM8jof0,ALL(H)OURS (올아워즈) 'READY 2 RUMBLE' Official M/V,ALL(H)OURS (올아워즈) 'READY 2 RUMBLE' Official M/V,올아워즈 ALL(H)OURS ,all-h-ours,READY 2 RUMBLE,mv,ok
pBpr9TnhhkE,youtube,https://www.youtube.com/watch?v=pBpr9TnhhkE,𝗩𝟴 'singasong' Official MV,𝗩𝟴 'singasong' Official MV,HYBE LABELS,,singasong,mv,ok
RPNaYj6etb8,youtube,https://www.youtube.com/watch?v=RPNaYj6etb8,Dreamcatcher(드림캐쳐) 'BONVOYAGE' MV,Dreamcatcher(드림캐쳐) 'BONVOYAGE' MV,Dreamcatcher official,dreamcatcher,BONVOYAGE,mv,ok
G_BYjnopO6U,youtube,https://www.youtube.com/watch?v=G_BYjnopO6U,SEULGI 슬기 '28 Reasons' MV,SEULGI 슬기 '28 Reasons' MV,SMTOWN,seulgi,28 Reasons,mv,ok
pyf8cbqyfPs,youtube,https://www.youtube.com/watch?v=pyf8cbqyfPs,LE SSERAFIM (르세라핌) 'ANTIFRAGILE' OFFICIAL M/V,LE SSERAFIM (르세라핌) 'ANTIFRAGILE' OFFICIAL M/V,HYBE LABELS,le-sserafim,ANTIFRAGILE,mv,ok
Ccz123Jlflc,youtube,https://www.youtube.com/watch?v=Ccz123Jlflc,LE SSERAFIM (르세라핌) 'Impurities' OFFICIAL M/V,LE SSERAFIM (르세라핌) 'Impurities' OFFICIAL M/V,HYBE LABELS,le-sserafim,Impurities,mv,ok
l8g_fKXpSNU,youtube,https://www.youtube.com/watch?v=l8g_fKXpSNU,GHOST9(고스트나인) 'RUCKUS' Official M/V,GHOST9(고스트나인) 'RUCKUS' Official M/V,GHOST9 Official,ghost9,RUCKUS,mv,ok
-GQg25oP0S4,youtube,https://www.youtube.com/watch?v=-GQg25oP0S4,SEVENTEEN (세븐틴) '손오공' Official MV,SEVENTEEN (세븐틴) '손오공' Official MV,HYBE LABELS,seventeen,손오공,mv,ok
Fc-fa6cAe2c,youtube,https://www.youtube.com/watch?v=Fc-fa6cAe2c,KAI 카이 '음 (Mmmh)' MV,KAI 카이 '음 (Mmmh)' MV,SMTOWN,kai,음 (Mmmh),mv,ok
UrZXzp2t91M,youtube,https://www.youtube.com/watch?v=UrZXzp2t91M,김재중(KIM JAE JOONG) 'ROCK STAR' MV,김재중(KIM JAE JOONG) 'ROCK STAR' MV,iNKODE Official,kim-jae-joong,ROCK STAR,mv,ok
diBO0gMuTXo,youtube,https://www.youtube.com/watch?v=diBO0gMuTXo,BTS (방탄소년단) 'Hooligan' Official MV,BTS (방탄소년단) 'Hooligan' Official MV,HYBE LABELS,bts,Hooligan,mv,ok
Q7IFjVUUb_E,youtube,https://www.youtube.com/watch?v=Q7IFjVUUb_E,"Stray Kids ""RUN IT"" M/V","Stray Kids ""RUN IT"" M/V",JYP Entertainment,stray-kids,RUN IT,mv,ok
1Qx6ktR3CEk,youtube,https://www.youtube.com/watch?v=1Qx6ktR3CEk,ALLDAY PROJECT - ‘TALK’ M/V,ALLDAY PROJECT - ‘TALK’ M/V,THEBLACKLABEL,allday-project,TALK,mv,ok
LH0fh-JHQe0,youtube,https://www.youtube.com/watch?v=LH0fh-JHQe0,여자친구 _ Labyrinth | GFRIEND _ Labyrinth (래버린스) | 퍼포먼스 | 스페셜클립 | Special Clip |  Performance,여자친구 _ Labyrinth | GFRIEND _ Labyrinth (래버린스) | 퍼포먼스 | 스페셜클립 | Special Clip | Performance,1theK Originals - 원더케이 오리지널,여자친구,,performance,ok
mmDSxJxyxTw,youtube,https://www.youtube.com/watch?v=mmDSxJxyxTw,[LIVE] Dreamcatcher(드림캐쳐) _ JUSTICE | dancEAR | 댄스이어 | 라이브 퍼포먼스 | Live Performance | 4K,[LIVE] Dreamcatcher(드림캐쳐) _ JUSTICE | dancEAR | 댄스이어 | 라이브 퍼포먼스 | Live Performance | 4K,1theK Originals - 원더케이 오리지널,dreamcatcher,,performance,ok
9KRzvGfbqZg,youtube,https://www.youtube.com/watch?v=9KRzvGfbqZg,구공탄 (90TAN) '탕탕탕(TANG TANG TANG)' MV,구공탄 (90TAN) '탕탕탕(TANG TANG TANG)' MV,비투비 컴퍼니 (BTOB COMPANY),90tan,탕탕탕(TANG TANG TANG),mv,ok
-z3iyydFevQ,youtube,https://www.youtube.com/watch?v=-z3iyydFevQ,[MV] PRISTIN V(프리스틴 V) _ Get It(네 멋대로),[MV] PRISTIN V(프리스틴 V) _ Get It(네 멋대로),1theK (원더케이),pristin-v,,mv,ok
uD0yLUVtAvk,youtube,https://www.youtube.com/watch?v=uD0yLUVtAvk,[FIX OFF] Desire Project : ORIGIN 'Dinero' | ATEEZ(에이티즈) 민기,[FIX OFF] Desire Project : ORIGIN 'Dinero' | ATEEZ(에이티즈) 민기,ATEEZ,desire-project-origin,Dinero,other,ok
L7HhTKJx0gU,youtube,https://www.youtube.com/watch?v=L7HhTKJx0gU,82MAJOR(82메이저) 'Like Fire' MV,82MAJOR(82메이저) 'Like Fire' MV,82MAJOR,82major,Like Fire,mv,ok
aHTI0SXGVS0,youtube,https://www.youtube.com/watch?v=aHTI0SXGVS0,XG - IS THIS LOVE (Official Music Video),XG - IS THIS LOVE (Official Music Video),XG,xg,,mv,ok
tGMy0z1akLs,youtube,https://www.youtube.com/watch?v=tGMy0z1akLs,ifeye (이프아이) ‘r u ok?’ MV,ifeye (이프아이) ‘r u ok?’ MV,ifeye 이프아이,ifeye,r u ok?,mv,ok
4PGX1ZYvzvo,youtube,https://www.youtube.com/watch?v=4PGX1ZYvzvo,MONSTA X 몬스타엑스 'Do What I Want' MV,MONSTA X 몬스타엑스 'Do What I Want' MV,STARSHIP,monsta-x,Do What I Want,mv,ok
fXgmejO7vYM,youtube,https://www.youtube.com/watch?v=fXgmejO7vYM,BÉBE YANA (베이비 야나) - SPACE MULAN (Official Video),BÉBE YANA (베이비 야나) - SPACE MULAN (Official Video),BÉBE YANA,bbe-yana,,mv,ok
HLRBf672RMs,youtube,https://www.youtube.com/watch?v=HLRBf672RMs,ONEUS (원어스) ‘눈을 돌리지마 (Say Yes!)’ MV,ONEUS (원어스) ‘눈을 돌리지마 (Say Yes!)’ MV,ONEUS,oneus,눈을 돌리지마 (Say Yes!),mv,ok
ZO3fNQhVEDo,youtube,https://www.youtube.com/watch?v=ZO3fNQhVEDo,[#퀸덤퍼즐] ♬Charismatic - PICK on the top | PERFORMANCE VIDEO (4K) #QUEENDOMPUZZLE,[#퀸덤퍼즐] ♬Charismatic - PICK on the top | PERFORMANCE VIDEO (4K) #QUEENDOMPUZZLE,Mnet K-POP,charismatic,,performance,ok
x1U5koYxTYM,youtube,https://www.youtube.com/watch?v=x1U5koYxTYM,8TURN (에잇턴) 'TIC TAC' Official MV,8TURN (에잇턴) 'TIC TAC' Official MV,8TURN,8turn,TIC TAC,mv,ok
anGHYC3asc4,youtube,https://www.youtube.com/watch?v=anGHYC3asc4,3piece 쓰리피스 '피어올라(Light up)' MV,3piece 쓰리피스 '피어올라(Light up)' MV,3piece Ι 쓰리피스,3piece,피어올라(Light up),mv,ok
MlI5f90ZBPM,youtube,https://www.youtube.com/watch?v=MlI5f90ZBPM,Kim Lip ‘Can You Entertain?’ Official MV | ARTMS,Kim Lip ‘Can You Entertain?’ Official MV | ARTMS,Official ARTMS,kim-lip,Can You Entertain?,mv,ok
vx_Odm5q_kQ,youtube,https://www.youtube.com/watch?v=vx_Odm5q_kQ,JinSoul ‘Ring of Chaos’ Official MV | ARTMS,JinSoul ‘Ring of Chaos’ Official MV | ARTMS,Official ARTMS,jinsoul,Ring of Chaos,mv,ok
26TTuFQXEW4,youtube,https://www.youtube.com/watch?v=26TTuFQXEW4,xikers(싸이커스) - 'SUPERPOWER (Peak)' Official MV,xikers(싸이커스) - 'SUPERPOWER (Peak)' Official MV,KQ ENTERTAINMENT,xikers,SUPERPOWER (Peak),mv,ok
9g9NClV1z_w,youtube,https://www.youtube.com/watch?v=9g9NClV1z_w,미연 (MIYEON) 'Say My Name' Official Music Video,미연 (MIYEON) 'Say My Name' Official Music Video,i-dle (아이들),miyeon,Say My Name,mv,ok
GkG60kISnfc,youtube,https://www.youtube.com/watch?v=GkG60kISnfc,ILLIT (아일릿) 'jellyous’ Official MV,ILLIT (아일릿) 'jellyous’ Official MV,HYBE LABELS,illit,jellyous,mv,ok
eDSb9J1DJKc,youtube,https://www.youtube.com/watch?v=eDSb9J1DJKc,JOOHONEY 주헌 'Push (Feat. 레이 (IVE))' MV,JOOHONEY 주헌 'Push (Feat. 레이 (IVE))' MV,STARSHIP,joohoney,Push (Feat. 레이 (IVE)),mv,ok
iiHXtBLfMcw,youtube,https://www.youtube.com/watch?v=iiHXtBLfMcw,[MV] ‘아 마음대로 다 된다!’ | Dragon Pony (드래곤포니) EP [RUN RUN RUN],[MV] ‘아 마음대로 다 된다!’ | Dragon Pony (드래곤포니) EP [RUN RUN RUN],안테나 Antenna,아-마음대로-다-된다,RUN RUN RUN,mv,ok
x7wLlK9MMN4,youtube,https://www.youtube.com/watch?v=x7wLlK9MMN4,IRENE 아이린 'Biggest Fan' MV,IRENE 아이린 'Biggest Fan' MV,SMTOWN,irene,Biggest Fan,mv,ok
jOnLqqDRfY4,youtube,https://www.youtube.com/watch?v=jOnLqqDRfY4,TXT (투모로우바이투게더) '하루에 하루만 더 (Stick With You)' Official MV,TXT (투모로우바이투게더) '하루에 하루만 더 (Stick With You)' Official MV,HYBE LABELS,txt,하루에 하루만 더 (Stick With You),mv,ok
wWvu34x2INc,youtube,https://www.youtube.com/watch?v=wWvu34x2INc,UNCHILD 언차일드 'UNCHILD' MV,UNCHILD 언차일드 'UNCHILD' MV,High Up Ent,unchild,UNCHILD,mv,ok
kxa11rqAu1g,youtube,https://www.youtube.com/watch?v=kxa11rqAu1g,이채연 (LEE CHAEYEON) ‘No Tears On The Dancefloor’ MV,이채연 (LEE CHAEYEON) ‘No Tears On The Dancefloor’ MV,LEE CHAEYEON,lee-chaeyeon,No Tears On The Dancefloor,mv,ok
PIgmxjozeCU,youtube,https://www.youtube.com/watch?v=PIgmxjozeCU,"NEXZ(넥스지) ""Mmchk"" M/V","NEXZ(넥스지) ""Mmchk"" M/V",JYP Entertainment,nexz,Mmchk,mv,ok
2CsQyB-Psys,youtube,https://www.youtube.com/watch?v=2CsQyB-Psys,U-KNOW 유노윤호 'Time's Tickin'' MV,U-KNOW 유노윤호 'Time's Tickin'' MV,SMTOWN,u-know,Time,mv,ok
Fb8wqlOUink,youtube,https://www.youtube.com/watch?v=Fb8wqlOUink,ZEROBASEONE (제로베이스원) 'イグジステンス' MV,ZEROBASEONE (제로베이스원) 'イグジステンス' MV,ZEROBASEONE,zerobaseone,イグジステンス,mv,ok
QqqrJle7dRA,youtube,https://www.youtube.com/watch?v=QqqrJle7dRA,MONSTA X 몬스타엑스 'MAGIC' MV,MONSTA X 몬스타엑스 'MAGIC' MV,STARSHIP,monsta-x,MAGIC,mv,ok
d5bbqKYu51w,youtube,https://www.youtube.com/watch?v=d5bbqKYu51w,TXT (투모로우바이투게더) '0X1=LOVESONG (I Know I Love You) feat. Seori' Official MV,TXT (투모로우바이투게더) '0X1=LOVESONG (I Know I Love You) feat. Seori' Official MV,HYBE LABELS,txt,0X1=LOVESONG (I Know I Love You) feat. Seori,mv,ok
g36q0ZLvygQ,youtube,https://www.youtube.com/watch?v=g36q0ZLvygQ,IVE 아이브 'REBEL HEART' MV,IVE 아이브 'REBEL HEART' MV,STARSHIP,ive,REBEL HEART,mv,ok
WFqGKa6p1V8,youtube,https://www.youtube.com/watch?v=WFqGKa6p1V8,퍼플키스(PURPLE KISS) 'Sweet Juice' MV,퍼플키스(PURPLE KISS) 'Sweet Juice' MV,PURPLE KISS,purple-kiss,Sweet Juice,mv,ok
hJ9Wp3PO3c8,youtube,https://www.youtube.com/watch?v=hJ9Wp3PO3c8,Hearts2Hearts 하츠투하츠 'Butterflies' MV,Hearts2Hearts 하츠투하츠 'Butterflies' MV,SMTOWN,hearts2hearts,Butterflies,mv,ok
QqkLnNClpAQ,youtube,https://www.youtube.com/watch?v=QqkLnNClpAQ,KAI 카이 'Adult Swim' MV,KAI 카이 'Adult Swim' MV,SMTOWN,kai,Adult Swim,mv,ok
aRBV86glZzE,youtube,https://www.youtube.com/watch?v=aRBV86glZzE,[문별] ‘DARK ROMANCE’ Performance Video,[문별] ‘DARK ROMANCE’ Performance Video,MAMAMOO,문별,DARK ROMANCE,performance,ok
KT2eWLnKkkg,youtube,https://www.youtube.com/watch?v=KT2eWLnKkkg,STAYC (스테이씨) _ RUN2U (런투유) | 스페셜클립 | Special Clip | 퍼포먼스 | Performance | 4K,STAYC (스테이씨) _ RUN2U (런투유) | 스페셜클립 | Special Clip | 퍼포먼스 | Performance | 4K,1theK Originals - 원더케이 오리지널,stayc,,performance,ok
lCTU5t465D4,youtube,https://www.youtube.com/watch?v=lCTU5t465D4,"tripleS(트리플에스) 'Rolex' Official Performance (SeoYeon, JooBin, HaYeon, Sullin Ver.)","tripleS(트리플에스) 'Rolex' Official Performance (SeoYeon, JooBin, HaYeon, Sullin Ver.)",tripleS official,triples,Rolex,performance,ok
0k2Zzkw_-0I,youtube,https://www.youtube.com/watch?v=0k2Zzkw_-0I,Girls' Generation 소녀시대 '다시 만난 세계 (Into The New World)' MV,Girls' Generation 소녀시대 '다시 만난 세계 (Into The New World)' MV,SMTOWN,girls-generation,다시 만난 세계 (Into The New World),mv,ok
daoMYJv8i0c,youtube,https://www.youtube.com/watch?v=daoMYJv8i0c,"DAY6 ""I like you(좋아합니다)"" M/V","DAY6 ""I like you(좋아합니다)"" M/V",JYP Entertainment,day6,I like you(좋아합니다),mv,ok
63fgP_RJFN4,youtube,https://www.youtube.com/watch?v=63fgP_RJFN4,DRIPPIN(드리핀) ‘Villain’ MV,DRIPPIN(드리핀) ‘Villain’ MV,woolliment,drippin,Villain,mv,ok
D2-G60fuW_4,youtube,https://www.youtube.com/watch?v=D2-G60fuW_4,AHOF(아홉) ‘그곳에서 다시 만나기로 해 (Rendezvous)’ Official MV,AHOF(아홉) ‘그곳에서 다시 만나기로 해 (Rendezvous)’ Official MV,AHOF,ahof,그곳에서 다시 만나기로 해 (Rendezvous),mv,ok
mIy4ACKR1Ag,youtube,https://www.youtube.com/watch?v=mIy4ACKR1Ag,"Jang Wooyoung ""Think Too Much (Feat. DAMINI)"" M/V","Jang Wooyoung ""Think Too Much (Feat. DAMINI)"" M/V",JYP Entertainment,jang-wooyoung,Think Too Much (Feat. DAMINI),mv,ok
nAvjYapdSxk,youtube,https://www.youtube.com/watch?v=nAvjYapdSxk,NCT 2021 엔시티 2021 'Beautiful' MV,NCT 2021 엔시티 2021 'Beautiful' MV,SMTOWN,nct-2021,Beautiful,mv,ok
L8JKM16A500,youtube,https://www.youtube.com/watch?v=L8JKM16A500,[MV] MIRAE(미래소년) _ JUMP!,[MV] MIRAE(미래소년) _ JUMP!,1theK (원더케이),mirae,,mv,ok
kK4kGeB5mQs,youtube,https://www.youtube.com/watch?v=kK4kGeB5mQs,MODYSSEY 모디세이 'HOOK(훜)' Official MV,MODYSSEY 'HOOK' Official MV,MODYSSEY,modyssey,HOOK(훜),mv,ok
J-5Ei7oEA7w,youtube,https://www.youtube.com/watch?v=J-5Ei7oEA7w,TNX - 'FUEGO' MV,THE NEW SIX - 'FUEGO' MV,TNX,tnx,FUEGO,mv,ok
hsOXefkSfqM,youtube,https://www.youtube.com/watch?v=hsOXefkSfqM,휘인(Whee In) - In The Mood LIVE CLIP,휘인(Whee In) - In The Mood LIVE CLIP,THEL1VE,whee-in,,live,ok
snuxiyo4AZE,youtube,https://www.youtube.com/watch?v=snuxiyo4AZE,[스우파2] 원밀리언(1MILLION) l 크루곡 퍼포먼스 대중 투표 (Crew Song Performance) #스트릿우먼파이터2,[스우파2] 원밀리언(1MILLION) l 크루곡 퍼포먼스 대중 투표 (Crew Song Performance) #스트릿우먼파이터2,The CHOOM (더 춤),1million,,performance,ok
Nq7GZ6MAUP4,youtube,https://www.youtube.com/watch?v=Nq7GZ6MAUP4,KISS OF LIFE (키스오브라이프) | 'Nobody Knows' Live Clip,KISS OF LIFE (키스오브라이프) | 'Nobody Knows' Live Clip,KISS OF LIFE,kiss-of-life,Nobody Knows,live,ok
gSCWnilMudw,youtube,https://www.youtube.com/watch?v=gSCWnilMudw,RYEOWOOK 려욱 '아무것도 하지 않아도 돼 (It's okay)' MV,RYEOWOOK 려욱 '아무것도 하지 않아도 돼 (It's okay)' MV,SMTOWN,ryeowook,아무것도 하지 않아도 돼 (It,mv,ok
zaYqW9s9Aok,youtube,https://www.youtube.com/watch?v=zaYqW9s9Aok,Jessi (제시) - 'Who Dat B' MV,Jessi (제시) - 'Who Dat B' MV,Jessi,jessi,Who Dat B,mv,ok
dfEyn_LikFU,youtube,https://www.youtube.com/watch?v=dfEyn_LikFU,"2PM ""Promise (I'll be)"" M/V","2PM ""Promise (I'll be)"" M/V",JYP Entertainment,2pm,Promise (I,mv,ok
NQJgoA96fUY,youtube,https://www.youtube.com/watch?v=NQJgoA96fUY,"BVNDIT(밴디트) - ""JUNGLE"" Music Video","BVNDIT(밴디트) - ""JUNGLE"" Music Video",BVNDIT_Official,bvndit,JUNGLE,mv,ok
kCSFdRf0210,youtube,https://www.youtube.com/watch?v=kCSFdRf0210,[MV] Apink(에이핑크) _ Only one(내가 설렐 수 있게),[MV] Apink(에이핑크) _ Only one(내가 설렐 수 있게),1theK (원더케이),apink,,mv,ok
7R2MGUIz1sM,youtube,https://www.youtube.com/watch?v=7R2MGUIz1sM,SMORZ - 'I want you to' Official M/V,SMORZ - 'I want you to' Official M/V,SMORZ,smorz,I want you to,mv,ok
2zXg8CbymYc,youtube,https://www.youtube.com/watch?v=2zXg8CbymYc,MONSTA X 몬스타엑스 'Beautiful Liar' MV,MONSTA X 몬스타엑스 'Beautiful Liar' MV,STARSHIP,monsta-x,Beautiful Liar,mv,ok
It4HuJD49d4,youtube,https://www.youtube.com/watch?v=It4HuJD49d4,NATURE (네이처) - 'RICA RICA' MV,NATURE (네이처) - 'RICA RICA' MV,STONE MUSIC,nature,RICA RICA,mv,ok
UsvoDgmfUwc,youtube,https://www.youtube.com/watch?v=UsvoDgmfUwc,CHUNG HA 청하 ‘PLAY (feat. 창모)’ Official Music Video,CHUNG HA 청하 ‘PLAY (feat. 창모)’ Official Music Video,CHUNG HA_Official,chung-ha,PLAY (feat. 창모),mv,ok
zpSejlkSXLA,youtube,https://www.youtube.com/watch?v=zpSejlkSXLA,RESCENE (리센느) ‘UhUh’ MV,RESCENE(리센느) ‘UhUh’ MV,RESCENE,rescene,UhUh,mv,ok
1UFrqePAB14,youtube,https://www.youtube.com/watch?v=1UFrqePAB14,[MV] KIIRAS(키라스) _ KILL MA BO$$,[MV] KIIRAS(키라스) _ KILL MA BO$$,1theK (원더케이),kiiras,,mv,ok
x6ICoe6Ntnw,youtube,https://www.youtube.com/watch?v=x6ICoe6Ntnw,NewL 뉴엘 Sweet Palace Official MV (Clean Ver),NewL 뉴엘 Sweet Palace Official MV (Clean Ver),New L,,,mv,ok
LhlHqzPUB5Y,youtube,https://www.youtube.com/watch?v=LhlHqzPUB5Y,ODD YOUTH (오드유스) - can′t go back MV,ODD YOUTH (오드유스) - can′t go back MV,STONE MUSIC,odd-youth,,mv,ok
MqzX9JAZ08U,youtube,https://www.youtube.com/watch?v=MqzX9JAZ08U,전소연(JEON SOYEON) - '삠삠 (BEAM BEAM)' Official Music Video,전소연(JEON SOYEON) - '삠삠 (BEAM BEAM)' Official Music Video,i-dle (아이들),jeon-soyeon,삠삠 (BEAM BEAM),mv,ok
846cjX0ZTrk,youtube,https://www.youtube.com/watch?v=846cjX0ZTrk,"[MV] 이달의 소녀 (LOONA) ""Hi High""","[MV] 이달의 소녀 (LOONA) ""Hi High""",loonatheworld,loona,Hi High,mv,ok
x3eqqoZPV_E,youtube,https://www.youtube.com/watch?v=x3eqqoZPV_E,BABYMONSTER - '춤 (CHOOM)' M/V,BABYMONSTER - '춤 (CHOOM)' M/V,BABYMONSTER,babymonster,춤 (CHOOM),mv,ok
aH0zux6WOM4,youtube,https://www.youtube.com/watch?v=aH0zux6WOM4,KEY キー 'Tongue Tied' MV,KEY キー 'Tongue Tied' MV,SMTOWN,key,Tongue Tied,mv,ok
o0oW3lPoOXM,youtube,https://www.youtube.com/watch?v=o0oW3lPoOXM,BABYMONSTER - 'CLIK CLAK' M/V,BABYMONSTER - 'CLIK CLAK' M/V,BABYMONSTER,babymonster,CLIK CLAK,mv,ok
xnwOfIiZ-zQ,youtube,https://www.youtube.com/watch?v=xnwOfIiZ-zQ,휘인(Whee In) The Symphony of Fxxkboys MV,휘인(Whee In) The Symphony of Fxxkboys MV,휘인 offwheecial,,,mv,ok
o1brijPEn9A,youtube,https://www.youtube.com/watch?v=o1brijPEn9A,[MV] BE'O(비오) _ 미쳐버리겠다 (MAD),[MV] BE'O(비오) _ 미쳐버리겠다 (MAD),1theK (원더케이),be-o,,mv,ok
-R8uBMBlUyI,youtube,https://www.youtube.com/watch?v=-R8uBMBlUyI,김세정(KIM SEJEONG) ‘Top or Cliff' Official M/V (Full ver.),김세정(KIM SEJEONG) ‘Top or Cliff' Official M/V (Full ver.),OFFICIAL KIMSEJEONG,kim-sejeong,Top or Cliff,mv,ok
B_2pbkzSo2I,youtube,https://www.youtube.com/watch?v=B_2pbkzSo2I,MV | 어센트 (ASC2NT) - LOVE ME DO | Expecting Tomorrow,MV | 어센트 (ASC2NT) - LOVE ME DO | Expecting Tomorrow,DanalEntertainment,asc2nt,,mv,ok
ZSkzF0ucsLI,youtube,https://www.youtube.com/watch?v=ZSkzF0ucsLI,ARTMS ‘Pre4 : Air' Official Track Video,ARTMS ‘Pre4 : Air' Official Track Video,Official ARTMS,artms,Pre4 : Air,other,ok
LIDe-yTxda0,youtube,https://www.youtube.com/watch?v=LIDe-yTxda0,"[MV] 이달의 소녀/이브 (LOONA/Yves) ""new""","[MV] 이달의 소녀/이브 (LOONA/Yves) ""new""",loonatheworld,loona-yves,new,mv,ok
Nu2yQ1zYDYU,youtube,https://www.youtube.com/watch?v=Nu2yQ1zYDYU,[MV] PENTAGON(펜타곤) _ Shine(빛나리),[MV] PENTAGON(펜타곤) _ Shine(빛나리),1theK (원더케이),pentagon,,mv,ok
s-UXxaQdUew,youtube,https://www.youtube.com/watch?v=s-UXxaQdUew,STAYC(스테이씨) 'Cheeky Icy Thang' MV,STAYC(스테이씨) 'Cheeky Icy Thang' MV,STAYC,stayc,Cheeky Icy Thang,mv,ok
ZYHBKvNUmk0,youtube,https://www.youtube.com/watch?v=ZYHBKvNUmk0,KEY 키 'Good & Great' MV,KEY 키 'Good & Great' MV,SMTOWN,key,Good & Great,mv,ok
7UecFm_bSTU,youtube,https://www.youtube.com/watch?v=7UecFm_bSTU,NMIXX “DASH” M/V,NMIXX “DASH” M/V,JYP Entertainment,nmixx,DASH,mv,ok
9kpuOoIh3wU,youtube,https://www.youtube.com/watch?v=9kpuOoIh3wU,SEVENTEEN (세븐틴) 'F*ck My Life' Official MV,SEVENTEEN (세븐틴) 'F*ck My Life' Official MV,HYBE LABELS,seventeen,F*ck My Life,mv,ok
KdOF5-h4qpw,youtube,https://www.youtube.com/watch?v=KdOF5-h4qpw,IRENE 아이린 'Like A Flower' MV,IRENE 아이린 'Like A Flower' MV,SMTOWN,irene,Like A Flower,mv,ok
28dAfmIAlCo,youtube,https://www.youtube.com/watch?v=28dAfmIAlCo,NCT WISH 엔시티 위시 'COLOR' MV,NCT WISH 엔시티 위시 'COLOR' MV,SMTOWN,nct-wish,COLOR,mv,ok
Nqz4oh2jogE,youtube,https://www.youtube.com/watch?v=Nqz4oh2jogE,[Special] 문별 (MoonByul) - 머리에서 발끝까지 (feat. Seori),[Special] 문별 (MoonByul) - 머리에서 발끝까지 (feat. Seori),MAMAMOO,moonbyul,,clip,ok
MtmsI3Iqra0,youtube,https://www.youtube.com/watch?v=MtmsI3Iqra0,SORN - crazy stupid lovers (ft. Hong Seok) (Official Music Video),SORN - crazy stupid lovers (ft. Hong Seok) (Official Music Video),SORN,sorn,,mv,ok
R3YWaqJ-JL8,youtube,https://www.youtube.com/watch?v=R3YWaqJ-JL8,온유 ONEW 'KAKERA -運命のピース-' M/V,온유 ONEW 'KAKERA -運命のピース-' M/V,온유 ONEW,onew,KAKERA -運命のピース-,mv,ok
ZsYwEV_ge4Y,youtube,https://www.youtube.com/watch?v=ZsYwEV_ge4Y,[MV] GFRIEND(여자친구) _ Summer Rain(여름비),[MV] GFRIEND(여자친구) _ Summer Rain(여름비),1theK (원더케이),gfriend,,mv,ok
hpYjRaGwOKE,youtube,https://www.youtube.com/watch?v=hpYjRaGwOKE,"[Special Clip] Dreamcatcher(드림캐쳐) 수아, 시연, 유현 '어쩌나'","[Special Clip] Dreamcatcher(드림캐쳐) 수아, 시연, 유현 '어쩌나'",Dreamcatcher official,dreamcatcher ; 시연 ; 유현,어쩌나,clip,ok
mqOf0x8H6wY,youtube,https://www.youtube.com/watch?v=mqOf0x8H6wY,STAYC(스테이씨) 'ASAP' Live Clip,STAYC(스테이씨) 'ASAP' Live Clip,STAYC,stayc,ASAP,live,ok
YDImQKq1Ego,youtube,https://www.youtube.com/watch?v=YDImQKq1Ego,"tripleS(트리플에스) 'Touch' Official Performance (DaHyun, Mayu, ShiOn, SeoAh Ver.)","tripleS(트리플에스) 'Touch' Official Performance (DaHyun, Mayu, ShiOn, SeoAh Ver.)",tripleS official,triples,Touch,performance,ok
xooQVGO9lkE,youtube,https://www.youtube.com/watch?v=xooQVGO9lkE,[4K] 휘인 (Whee In) - water color | Performance video | CHOREOGRAPHY | MOVE REC. 무브렉ㅣ딩고뮤직ㅣDingo Music,[4K] 휘인 (Whee In) - water color | Performance video | CHOREOGRAPHY | MOVE REC. 무브렉ㅣ딩고뮤직ㅣDingo Music,딩고 뮤직 / dingo music,whee-in,,performance,ok
sL0pCS6K9bc,youtube,https://www.youtube.com/watch?v=sL0pCS6K9bc,MEOVV(미야오) - ‘HANDS UP’ M/V,MEOVV - ‘HANDS UP’ M/V,THEBLACKLABEL,meovv,HANDS UP,mv,ok
